,County Number,County Name,Precinct Name,PrecinctID,SEN_DEM,SEN_REP,G_DEM,G_REP
0,1,Beaver,Beaver #1,BV01,101,381,92,413
1,1,Beaver,Beaver #2,BV02,65,288,64,313
2,1,Beaver,Beaver #3,BV03,50,291,56,318
3,1,Beaver,Greenville ,GR,8,68,12,67
4,1,Beaver,Milford #1,ML01,57,77,64,80
5,1,Beaver,Milford #2,ML02,109,189,146,194
6,1,Beaver,Minersville ,MV01,207,246,48,255
7,2,Box Elder,Brigham City 1,BC01,87,259,90,278
8,2,Box Elder,Brigham City 2,BC02,61,186,51,213
9,2,Box Elder,Brigham City 3,BC03,64,188,72,216
10,2,Box Elder,Brigham City 4,BC04,45,156,48,170
11,2,Box Elder,Brigham City 5,BC05,36,145,27,167
12,2,Box Elder,Brigham City 6,BC06,68,234,52,277
13,2,Box Elder,Brigham City 7,BC07,61,204,52,236
14,2,Box Elder,Brigham City 8,BC08,48,155,42,168
15,2,Box Elder,Brigham City 9,BC09,69,249,57,276
16,2,Box Elder,Brigham City 10,BC10,91,260,80,283
17,2,Box Elder,Brigham City 11,BC11,97,239,85,257
18,2,Box Elder,Brigham City 12,BC12,101,274,92,311
19,2,Box Elder,Brigham City 13,BC13,51,165,57,166
20,2,Box Elder,Brigham City 14,BC14,59,170,57,182
21,2,Box Elder,Brigham City Northwest,BCNW,30,126,25,146
22,2,Box Elder,Beaver Dam - Collinston,BD/C,18,94,21,113
23,2,Box Elder,Bear River,BEAR,88,213,51,262
24,2,Box Elder,Bear River East,BRE,24,76,17,85
25,2,Box Elder,Clear Creek,CC,1,9,0,10
26,2,Box Elder,Corinne 1,COR1,74,199,62,227
27,2,Box Elder,Corinne 2,COR2,8,62,10,60
28,2,Box Elder,Deweyville,DEWY,26,127,26,128
29,2,Box Elder,Elwood,ELWD,77,279,51,333
30,2,Box Elder,Fielding 1,FLDG1,24,106,17,118
31,2,Box Elder,Fielding 2,FLDG2,22,109,23,113
32,2,Box Elder,Garland 1,GAR1,34,229,43,238
33,2,Box Elder,Garland 2,GAR2,61,198,47,229
34,2,Box Elder,Garland East,GARE,22,146,26,153
35,2,Box Elder,Grouse Creek,GC,2,19,1,24
36,2,Box Elder,Honeyville,HONY,91,311,79,341
37,2,Box Elder,Howell,HOWL,14,70,20,73
38,2,Box Elder,Mantua,MANT,44,218,57,224
39,2,Box Elder,Park Valley,PARK,3,55,2,56
40,2,Box Elder,Perry 1,PER1,60,287,56,297
41,2,Box Elder,Perry 2,PER2,48,213,55,227
42,2,Box Elder,Perry 3,PER3,78,291,86,302
43,2,Box Elder,Perry 4,PER4,62,271,54,295
44,2,Box Elder,Plymouth,PLYM,18,101,25,102
45,2,Box Elder,Portage,PORT,9,66,14,60
46,2,Box Elder,Promontory,PROM,1,22,3,20
47,2,Box Elder,Riverside,RIV,26,142,26,150
48,2,Box Elder,Snowville,SNOW,13,47,7,63
49,2,Box Elder,South Willard,SWIL,62,230,62,231
50,2,Box Elder,Tremonton 1,TRE1,72,283,48,325
51,2,Box Elder,Tremonton 2,TRE2,60,220,57,236
52,2,Box Elder,Tremonton 3,TRE3,52,187,38,213
53,2,Box Elder,Tremonton 4,TRE4,44,217,36,231
54,2,Box Elder,Tremonton 5,TRE5,20,163,16,174
55,2,Box Elder,Tremonton South,TRES,28,118,22,126
56,2,Box Elder,Tremonton West,TREW,62,347,60,360
57,2,Box Elder,Willard,WLRD,119,374,135,379
58,2,Box Elder,Yost,YOST,0,13,0,16
59,2,Box Elder,UNKN2,UNKN2,0,0,0,0
60,3,Cache,LOGAN 01,LOG01,41,70,52,85
61,3,Cache,LOGAN 02,LOG02,23,63,33,69
62,3,Cache,LOGAN 03,LOG03,108,186,119,207
63,3,Cache,LOGAN 04,LOG04,50,144,66,164
64,3,Cache,LOGAN 05,LOG05,46,33,40,45
65,3,Cache,LOGAN 06,LOG06,40,66,39,78
66,3,Cache,LOGAN 07,LOG07,56,60,68,69
67,3,Cache,LOGAN 08,LOG08,47,65,55,73
68,3,Cache,LOGAN 09,LOG09,81,95,83,115
69,3,Cache,LOGAN 10,LOG10,66,75,65,88
70,3,Cache,LOGAN 11,LOG11,56,109,53,132
71,3,Cache,LOGAN 12,LOG12,80,87,86,89
72,3,Cache,LOGAN 13,LOG13,144,209,145,246
73,3,Cache,LOGAN 14,LOG14,127,129,137,146
74,3,Cache,LOGAN 15,LOG15,43,81,46,92
75,3,Cache,LOGAN 16,LOG16,88,106,95,141
76,3,Cache,LOGAN 17,LOG17,52,117,67,128
77,3,Cache,LOGAN 18,LOG18,42,133,58,143
78,3,Cache,LOGAN 19,LOG19,33,71,41,76
79,3,Cache,LOGAN 20,LOG20,145,220,146,285
80,3,Cache,LOGAN 21,LOG21,135,132,129,166
81,3,Cache,LOGAN 22,LOG22,152,308,163,325
82,3,Cache,LOGAN 23,LOG23,43,55,42,62
83,3,Cache,LOGAN 24,LOG24,56,91,50,108
84,3,Cache,LOGAN 25,LOG25,55,160,64,178
85,3,Cache,LOGAN 26,LOG26,55,111,60,119
86,3,Cache,LOGAN 27,LOG27,73,176,76,199
87,3,Cache,LOGAN 28,LOG28,16,48,19,50
88,3,Cache,LOGAN 29,LOG29,144,265,142,304
89,3,Cache,LOGAN 30,LOG30,47,122,57,135
90,3,Cache,LOGAN 31,LOG31,54,135,59,161
91,3,Cache,LOGAN 32,LOG32,33,111,49,121
92,3,Cache,LOGAN 33,LOG33,109,293,127,317
93,3,Cache,AMALGA,AMA,20,84,29,110
94,3,Cache,BENSON,BEN,37,114,44,142
95,3,Cache,CLARKSTON,CLK,32,176,42,193
96,3,Cache,COLLEGE/YOUNG WARD,COR,49,183,59,223
97,3,Cache,CORNISH,COV,13,57,17,58
98,3,Cache,COVE,CY,24,102,22,125
99,3,Cache,HYDE PARK 01,HYD01,116,434,124,483
100,3,Cache,HYDE PARK 02,HYD02,104,351,120,397
101,3,Cache,HYRUM 01,HYR01,70,227,90,254
102,3,Cache,HYRUM 02,HYR02,25,118,32,138
103,3,Cache,HYRUM 03,HYR03,56,199,82,267
104,3,Cache,HYRUM 04,HYR04,43,306,68,322
105,3,Cache,HYRUM 05,HYR05,35,168,43,177
106,3,Cache,LEWISTON 01,LEW01,35,221,50,224
107,3,Cache,LEWISTON 02,LEW02,21,114,20,135
108,3,Cache,MENDON 01,MEN01,44,248,64,256
109,3,Cache,MENDON 02,MEN02,73,243,84,256
110,3,Cache,MILLVILLE 01,MIL01,58,189,46,234
111,3,Cache,MILLVILLE 02,MIL02,40,120,46,143
112,3,Cache,NEWTON,NEW,56,208,51,261
113,3,Cache,NIBLEY 01,NIB01,57,314,72,346
114,3,Cache,NIBLEY 02,NIB02,111,400,125,451
115,3,Cache,NORTH LOGAN 01,NLG01,53,165,59,185
116,3,Cache,NORTH LOGAN 02,NLG02,53,174,67,209
117,3,Cache,NORTH LOGAN 03,NLG03,48,202,61,269
118,3,Cache,NORTH LOGAN 04,NLG04,63,168,75,267
119,3,Cache,NORTH LOGAN 05,NLG05,127,291,129,381
120,3,Cache,NORTH LOGAN 06,NLG06,133,163,146,211
121,3,Cache,PARADISE,PAR,96,331,92,348
122,3,Cache,PROVIDENCE 01,PRO01,77,259,89,289
123,3,Cache,PROVIDENCE 02,PRO02,148,380,146,440
124,3,Cache,PROVIDENCE 03,PRO03,62,241,70,273
125,3,Cache,PROVIDENCE 04,PRO04,91,304,98,358
126,3,Cache,PROVIDENCE 05,PRO05,58,203,66,217
127,3,Cache,RICHMOND 01,RCH01,59,181,64,245
128,3,Cache,RICHMOND 02,RCH02,43,211,58,250
129,3,Cache,RIVER HEIGHTS 01,RVH01,49,136,60,158
130,3,Cache,RIVER HEIGHTS 02,RVH02,83,212,97,246
131,3,Cache,SMITHFIELD 01,SMI01,52,208,53,229
132,3,Cache,SMITHFIELD 02,SMI02,76,246,83,301
133,3,Cache,SMITHFIELD 03,SMI03,65,279,85,316
134,3,Cache,SMITHFIELD 04,SMI04,71,222,68,264
135,3,Cache,SMITHFIELD 05,SMI05,34,186,39,222
136,3,Cache,SMITHFIELD 06,SMI06,39,219,52,266
137,3,Cache,SMITHFIELD 07,SMI07,64,257,88,277
138,3,Cache,TRENTON,TRE,27,108,31,124
139,3,Cache,WELLSVILLE 01,WEL01,24,126,31,129
140,3,Cache,WELLSVILLE 02,WEL02,35,217,36,266
141,3,Cache,WELLSVILLE 03,WEL03,36,167,44,183
142,3,Cache,WELLSVILLE 04,WEL04,48,216,58,247
143,3,Cache,UNKN3,UNKN3,0,0,0,0
144,4,Carbon,2-Scofield,4.2,15,7,13,13
145,4,Carbon,7-East Helper,4.7,136,75,128,91
146,4,Carbon,15-Wellington South,4.15,75,106,71,132
147,4,Carbon,16-Indian Hills,4.16,33,33,33,37
148,4,Carbon,17-East Price,4.17,121,110,121,134
149,4,Carbon,18-South Price,4.18,105,109,83,140
150,4,Carbon,19-Wellington North,4.19,77,105,79,112
151,4,Carbon,20-Sunnyside,4.2,46,37,36,42
152,4,Carbon,21-West Helper,4.21,211,89,189,122
153,4,Carbon,22-East County,4.22,86,197,96,208
154,4,Carbon,25-East Carbon North,4.25,82,68,78,75
155,4,Carbon,26-East Carbon South,4.26,81,54,73,60
156,4,Carbon,27-Fairgrounds,4.27,47,55,43,70
157,4,Carbon,30-Castle Heights North,4.3,137,214,136,220
158,4,Carbon,31-Central Price,4.31,121,99,107,120
159,4,Carbon,32-North East Price,4.32,107,124,103,136
160,4,Carbon,33-North Price,4.33,110,146,107,157
161,4,Carbon,34-Castle Heights,4.34,99,181,93,191
162,4,Carbon,36-South County,4.36,106,162,106,164
163,4,Carbon,37-Spring Glen,4.37,186,212,191,214
164,4,Carbon,38-Carbonville,4.38,138,171,134,192
165,4,Carbon,39-Westwood,4.39,106,208,96,231
166,4,Carbon,40-Miller Creek Special,4.4,29,66,33,68
167,5,Daggett,"Dutch John 1- 1, 2",1001,29,82,28,87
168,5,Daggett,"Manila 2- 0, 2, 3",1002,98,226,98,248
169,5,Daggett,Browns Park 3- 1,1003,3,4,3,4
170,6,Davis,Bountiful 1,BO01,162,261,148,290
171,6,Davis,Bountiful 2,BO02,120,200,104,218
172,6,Davis,Bountiful 3,BO03,166,370,143,402
173,6,Davis,Bountiful 4,BO04,137,308,126,336
174,6,Davis,Bountiful 5,BO05,167,356,139,401
175,6,Davis,Bountiful 6,BO06,130,251,133,252
176,6,Davis,Bountiful 7,BO07,96,137,81,160
177,6,Davis,Bountiful 8,BO08,165,260,138,302
178,6,Davis,Bountiful 9,BO09,134,368,124,390
179,6,Davis,Bountiful 10,BO10,137,316,109,353
180,6,Davis,Bountiful 11,BO11,103,283,85,305
181,6,Davis,Bountiful 12,BO12,168,355,145,401
182,6,Davis,Bountiful 13,BO13,102,188,89,206
183,6,Davis,Bountiful 14,BO14,90,179,81,200
184,6,Davis,Bountiful 15,BO15,92,166,86,181
185,6,Davis,Bountiful 16,BO16,119,327,101,354
186,6,Davis,Bountiful 17,BO17,172,406,153,459
187,6,Davis,Bountiful 18,BO18,148,308,128,349
188,6,Davis,Bountiful 19,BO19,181,350,167,376
189,6,Davis,Bountiful 20,BO20,128,252,117,274
190,6,Davis,Bountiful 21,BO21,148,302,126,332
191,6,Davis,Bountiful 22,BO22,153,281,157,300
192,6,Davis,Bountiful 23,BO23,98,178,90,197
193,6,Davis,Bountiful 24,BO24,98,227,88,252
194,6,Davis,Bountiful 25,BO25,136,242,130,263
195,6,Davis,Bountiful 26,BO26,182,280,145,322
196,6,Davis,Bountiful 27,BO27,158,295,125,335
197,6,Davis,Bountiful 28,BO28,158,276,134,324
198,6,Davis,Bountiful 29,BO29,188,326,163,373
199,6,Davis,Bountiful 30,BO30,142,376,121,401
200,6,Davis,Centerville 1,CE01,167,315,154,353
201,6,Davis,Centerville 2,CE02,131,440,106,466
202,6,Davis,Centerville 3,CE03,137,384,134,395
203,6,Davis,Centerville 4,CE04,154,419,142,440
204,6,Davis,Centerville 5,CE05,85,284,79,298
205,6,Davis,Centerville 6,CE06,152,277,133,293
206,6,Davis,Centerville 7,CE07,122,304,105,318
207,6,Davis,Centerville 8,CE08,82,281,65,308
208,6,Davis,Centerville 9,CE09,98,252,90,264
209,6,Davis,Centerville 10,CE10,102,325,93,344
210,6,Davis,Centerville 11,CE11,97,207,80,231
211,6,Davis,Clearfield 1,CF001,96,170,97,188
212,6,Davis,Clearfield 2,CF02,72,245,74,250
213,6,Davis,Clearfield 3,CF03,35,102,32,113
214,6,Davis,Clearfield 4,CF04,71,198,74,197
215,6,Davis,Clearfield 5,CF05,127,208,116,224
216,6,Davis,Clearfield 6,CF06,102,192,103,203
217,6,Davis,Clearfield 7,CF07,68,117,73,113
218,6,Davis,Clearfield 8,CF08,75,223,92,215
219,6,Davis,Clearfield 9,CF09,53,164,57,166
220,6,Davis,Clearfield 10,CF10,61,90,66,86
221,6,Davis,Clearfield 11,CF11,60,157,72,153
222,6,Davis,Clearfield 12,CF12,115,180,115,179
223,6,Davis,Clearfield 13,CF13,30,66,31,71
224,6,Davis,Clearfield 14,CF14,64,106,68,104
225,6,Davis,Clinton 1,CL01,101,177,82,202
226,6,Davis,Clinton 2,CL02,70,199,62,216
227,6,Davis,Clinton 3,CL03,62,213,67,215
228,6,Davis,Clinton 4,CL04,55,159,53,178
229,6,Davis,Clinton 5,CL05,86,248,80,270
230,6,Davis,Clinton 6,CL06,100,209,83,230
231,6,Davis,Clinton 7,CL07,138,282,118,312
232,6,Davis,Clinton 8,CL08,85,223,84,230
233,6,Davis,Clinton 9,CL09,82,199,88,199
234,6,Davis,Clinton 10,CL10,76,180,79,186
235,6,Davis,Farmington 1,FA01,116,307,93,329
236,6,Davis,Farmington 2,FA02,80,223,82,227
237,6,Davis,Farmington 3,FA03,95,196,102,200
238,6,Davis,Farmington 4,FA04,128,342,106,369
239,6,Davis,Farmington 5,FA05,100,274,85,295
240,6,Davis,Farmington 6,FA06,90,333,83,349
241,6,Davis,Farmington 7,FA07,96,268,67,307
242,6,Davis,Farmington 8,FA08,106,232,101,248
243,6,Davis,Farmington 9,FA09,125,362,104,392
244,6,Davis,Farmington 10,FA10,129,370,105,400
245,6,Davis,Farmington 11,FA11,136,295,121,325
246,6,Davis,Fruit Heights 1,FH01,108,302,84,349
247,6,Davis,Fruit Heights 2,FH02,93,292,90,322
248,6,Davis,Fruit Heights 3,FH03,105,294,94,352
249,6,Davis,Fruit Heights 4,FH04,78,311,66,348
250,6,Davis,Hill AFB 1,HA01,0,4,0,3
251,6,Davis,Hill AFB 2,HA02,6,10,6,8
252,6,Davis,Job Corps 1,JC01,0,1,0,1
253,6,Davis,Kaysville 1,KA01,98,347,98,357
254,6,Davis,Kaysville 2,KA02,117,361,90,412
255,6,Davis,Kaysville 3,KA03,110,332,76,383
256,6,Davis,Kaysville 4,KA04,77,220,69,261
257,6,Davis,Kaysville 5,KA05,105,195,84,236
258,6,Davis,Kaysville 6,KA06,113,326,99,354
259,6,Davis,Kaysville 7,KA07,98,297,72,325
260,6,Davis,Kaysville 8,KA08,111,294,99,320
261,6,Davis,Kaysville 9,KA09,133,266,118,298
262,6,Davis,Kaysville 10,KA10,135,303,121,331
263,6,Davis,Kaysville 11,KA11,112,509,93,533
264,6,Davis,Kaysville 12,KA12,108,435,83,478
265,6,Davis,Kaysville 13,KA13,113,394,112,409
266,6,Davis,Kaysville 14,KA14,108,398,95,443
267,6,Davis,Kaysville 15,KA15,96,438,98,456
268,6,Davis,Kaysville 16,KA16,92,505,78,536
269,6,Davis,Layton 1,LA01,21,91,19,95
270,6,Davis,Layton 2,LA02,115,260,101,284
271,6,Davis,Layton 3,LA03,73,192,70,200
272,6,Davis,Layton 4,LA04,118,245,119,246
273,6,Davis,Layton 5,LA05,162,362,154,380
274,6,Davis,Layton 6,LA06,123,375,120,395
275,6,Davis,Layton 7,LA07,137,324,135,348
276,6,Davis,Layton 8,LA08,38,103,39,98
277,6,Davis,Layton 9,LA09,89,175,72,195
278,6,Davis,Layton 10,LA10,69,152,63,159
279,6,Davis,Layton 11,LA11,97,146,87,164
280,6,Davis,Layton 12,LA12,133,279,134,274
281,6,Davis,Layton 13,LA13,59,99,63,101
282,6,Davis,Layton 14,LA14,59,100,61,104
283,6,Davis,Layton 15,LA15,94,209,94,210
284,6,Davis,Layton 16,LA16,68,106,64,111
285,6,Davis,Layton 17,LA17,95,274,104,271
286,6,Davis,Layton 18,LA18,61,157,66,157
287,6,Davis,Layton 19,LA19,157,359,166,378
288,6,Davis,Layton 20,LA20,151,335,139,360
289,6,Davis,Layton 21,LA21,61,148,66,149
290,6,Davis,Layton 22,LA22,59,117,54,120
291,6,Davis,Layton 23,LA23,74,196,68,197
292,6,Davis,Layton 24,LA24,62,130,66,134
293,6,Davis,Layton 25,LA25,39,79,41,80
294,6,Davis,Layton 26,LA26,102,150,118,138
295,6,Davis,Layton 27,LA27,95,136,90,135
296,6,Davis,Layton 28,LA28,64,130,60,136
297,6,Davis,Layton 29,LA29,150,354,141,364
298,6,Davis,Layton 30,LA30,110,313,98,331
299,6,Davis,Layton 31,LA31,86,231,81,244
300,6,Davis,Layton 32,LA32,74,97,62,117
301,6,Davis,Layton 33,LA33,99,200,92,230
302,6,Davis,Layton 34,LA34,84,190,73,212
303,6,Davis,Layton 35,LA35,81,386,80,397
304,6,Davis,Layton 36,LA36,84,326,82,339
305,6,Davis,Layton 37,LA37,89,277,74,309
306,6,Davis,Layton 38,LA38,80,213,74,216
307,6,Davis,Layton 39,LA39,96,221,83,228
308,6,Davis,Layton 40,LA40,115,255,111,263
309,6,Davis,Layton 41,LA41,98,246,84,283
310,6,Davis,Layton 42,LA42,87,283,82,299
311,6,Davis,Layton 43,LA43,134,393,118,408
312,6,Davis,North Salt Lake 1,NS01,84,175,80,183
313,6,Davis,North Salt Lake 2,NS02,90,163,83,179
314,6,Davis,North Salt Lake 3,NS03,96,135,98,142
315,6,Davis,North Salt Lake 4,NS04,120,226,101,254
316,6,Davis,North Salt Lake 5,NS05,108,354,100,374
317,6,Davis,North Salt Lake 6,NS06,158,355,143,367
318,6,Davis,North Salt Lake 7,NS07,86,126,66,152
319,6,Davis,North Salt Lake 8,NS08,134,257,132,273
320,6,Davis,North Salt Lake 9,NS09,137,225,132,225
321,6,Davis,North Salt Lake 10,NS10,171,269,162,285
322,6,Davis,Sunset 1,SU01,152,174,145,174
323,6,Davis,Sunset 2,SU02,77,106,74,114
324,6,Davis,Sunset 3,SU03,90,225,101,223
325,6,Davis,South Weber 1,SW01,112,293,127,297
326,6,Davis,South Weber 2,SW02,87,226,86,229
327,6,Davis,South Weber 3,SW03,97,231,93,250
328,6,Davis,South Weber 4,SW04,73,233,70,238
329,6,Davis,Syracuse 1,SY01,109,288,120,289
330,6,Davis,Syracuse 2,SY02,75,257,77,266
331,6,Davis,Syracuse 3,SY03,95,312,99,313
332,6,Davis,Syracuse 4,SY04,62,197,60,213
333,6,Davis,Syracuse 5,SY05,99,278,93,308
334,6,Davis,Syracuse 6,SY06,96,282,74,314
335,6,Davis,Syracuse 7,SY07,97,320,92,330
336,6,Davis,Syracuse 8,SY08,87,238,69,268
337,6,Davis,Syracuse 9,SY09,86,321,78,346
338,6,Davis,Syracuse 10,SY10,74,144,49,180
339,6,Davis,Syracuse 11,SY11,63,185,53,204
340,6,Davis,Syracuse 12,SY12,71,255,71,267
341,6,Davis,Syracuse 13,SY13,93,270,84,283
342,6,Davis,West Bountiful 1,WB01,119,320,108,337
343,6,Davis,West Bountiful 2,WB02,137,349,130,369
344,6,Davis,West Bountiful 3,WB03,152,340,134,365
345,6,Davis,West Point 1,WP01,97,278,93,295
346,6,Davis,West Point 2,WP02,54,227,49,239
347,6,Davis,West Point 3,WP03,93,328,101,330
348,6,Davis,West Point 4,WP04,73,268,60,284
349,6,Davis,West Point 5,WP05,91,249,75,276
350,6,Davis,West Point 6,WP06,71,147,59,150
351,6,Davis,Woods Cross 1,WX01,111,204,106,213
352,6,Davis,Woods Cross 2,WX02,55,152,55,160
353,6,Davis,Woods Cross 3,WX03,157,342,138,374
354,6,Davis,Woods Cross 4,WX04,45,88,44,96
355,6,Davis,Woods Cross 5,WX05,92,173,87,180
356,6,Davis,Woods Cross 6,WX06,105,258,113,258
357,6,Davis,UNKN6,UNKN6,0,0,0,0
358,7,Duchesne,Altamont 1:1 & 1:2,ALTA,42,243,53,255
359,7,Duchesne,Bluebell,BLUEB,17,198,27,204
360,7,Duchesne,Duchesne 1:1 & 1:2,DUCH 1,37,239,43,260
361,7,Duchesne,Duchesne 2:1 & 2:2,DUCH 2,48,379,49,412
362,7,Duchesne,Fruitland,FRTLD,47,74,44,85
363,7,Duchesne,Mountain Home 8:1,MTN. H,37,183,48,189
364,7,Duchesne,Myton 1 & 2,MYTON,39,222,47,224
365,7,Duchesne,Neola,NEOLA,25,271,34,277
366,7,Duchesne,Roosevelt 1:1 & 1:2,ROOS 1,20,182,26,183
367,7,Duchesne,Roosevelt 2:1 & 2:2,ROOS 2,62,376,63,409
368,7,Duchesne,Roosevelt 3:2,ROOS 3,31,167,35,165
369,7,Duchesne,Roosevelt 4:1 & 4:2,ROOS 4,42,252,53,266
370,7,Duchesne,Roosevelt 5:1 & 5:2,ROOS 5,48,366,63,367
371,7,Duchesne,Roosevelt 6:1 & 6:2,ROOS 6,48,336,61,340
372,7,Duchesne,Tabiona 1 & 2,TAB,24,134,29,144
373,8,Emery,"1.1,1.2",8.1,32,104,34,114
374,8,Emery,"2.3,2.4",8.2,62,288,63,303
375,8,Emery,"3.5,3.6",8.3,72,254,72,263
376,8,Emery,"4.7,4.8",8.4,24,80,28,75
377,8,Emery,"5.9,5.10",8.5,119,368,98,432
378,8,Emery,"6.11,6.12,6.13",8.6,60,191,63,201
379,8,Emery,"7.14,7.15",8.7,73,228,51,275
380,8,Emery,"8.16,8.17,8.18,8.19",8.8,108,234,92,276
381,8,Emery,"9.20,9.21",8.9,106,233,95,274
382,8,Emery,"10.22,10.23",8.1,62,206,56,234
383,8,Emery,"11.24,11.25",8.11,39,153,54,148
384,8,Emery,"12.26,12.27",8.12,70,260,71,267
385,9,Garfield,AN 1,AN1,6,48,6,50
386,9,Garfield,BO 2,BO2,48,50,48,60
387,9,Garfield,BR 11,BR11,0,26,2,24
388,9,Garfield,CA 3,CA3,6,53,6,54
389,9,Garfield,ES 4,ES4,68,213,75,207
390,9,Garfield,HA 5,HA5,20,97,32,86
391,9,Garfield,HE 6,HE6,12,80,18,76
392,9,Garfield,PA 7,PA7,28,309,47,292
393,9,Garfield,PA 8,PA8,37,241,41,245
394,9,Garfield,TI 9,TI9,3,10,4,10
395,9,Garfield,TR 10,TR10,34,187,30,188
396,10,Grand,155,1,132,80,129,82
397,10,Grand,255,2,315,328,330,339
398,10,Grand,369,3,57,81,70,69
399,10,Grand,"455, 469",4,208,210,211,223
400,10,Grand,555,5,210,196,222,183
401,10,Grand,"655, 669",6,6,11,8,13
402,10,Grand,769,7,6,14,5,17
403,10,Grand,855,8,125,56,121,58
404,10,Grand,955,9,144,244,147,236
405,10,Grand,1055,10.1,133,167,138,169
406,10,Grand,"1155, 1169",10.11,140,258,151,249
407,11,Iron,BH,BH,14,47,21,39
408,11,Iron,Beryl,BRYL,20,123,32,112
409,11,Iron,CC 1,CC 1,67,329,76,325
410,11,Iron,CC 2,CC 2,64,228,73,219
411,11,Iron,CC 3,CC 3,55,249,69,239
412,11,Iron,CC 4,CC 4,44,151,43,157
413,11,Iron,CC 5,CC 5,54,249,68,252
414,11,Iron,CC 6,CC 6,43,236,53,239
415,11,Iron,CC 7,CC 7,17,142,30,147
416,11,Iron,CC 8,CC 8,21,111,20,131
417,11,Iron,CC 9,CC 9,48,135,47,134
418,11,Iron,CC 10,CC 10,29,108,37,106
419,11,Iron,CC 11,CC 11,21,83,21,79
420,11,Iron,CC 12,CC 12,7,24,29,92
421,11,Iron,CC 13,CC 13,36,178,38,180
422,11,Iron,CC 14,CC 14,46,221,38,236
423,11,Iron,CC 15,CC 15,79,221,77,229
424,11,Iron,CC 16,CC 16,42,268,48,261
425,11,Iron,CC 17,CC 17,37,136,41,140
426,11,Iron,CC 18,CC 18,67,400,83,388
427,11,Iron,CC 19,CC 19,146,512,150,529
428,11,Iron,CC 20,CC 20,73,442,106,421
429,11,Iron,CC 21,CC 21,30,157,26,169
430,11,Iron,CC 22,CC 22,34,174,34,177
431,11,Iron,CC 23,CC 23,33,138,36,138
432,11,Iron,CC 24,CC 24,19,87,16,89
433,11,Iron,CC 25,CC 25,51,262,78,246
434,11,Iron,ENO 1,ENO 1,58,376,69,381
435,11,Iron,ENO 2,ENO 2,75,480,97,473
436,11,Iron,ENO 3,ENO 3,26,350,36,354
437,11,Iron,KANARRA,KANARR,39,137,55,131
438,11,Iron,MIDV,MIDV,63,283,79,276
439,11,Iron,MOD,MODE,2,13,4,12
440,11,Iron,NEWC,NEWCSL,4,86,4,76
441,11,Iron,PARG,PARAGO,24,165,38,160
442,11,Iron,PARN,PARN,60,437,78,452
443,11,Iron,PARS,PARS,62,299,79,287
444,11,Iron,SUM,SUM,11,79,20,72
445,12,Juab,CAL,CA11,8,12,16,16
446,12,Juab,EU1,EU1,22,20,21,24
447,12,Juab,EU2,EU2,40,34,32,39
448,12,Juab,EU3,EU3,29,28,29,30
449,12,Juab,EU4,EU4,14,19,11,27
450,12,Juab,EU5,EU5,5,5,1,9
451,12,Juab,LEV,LE006,59,224,63,233
452,12,Juab,MON,MO05,70,382,72,418
453,12,Juab,NE01.4,NE01.4,53,142,56,152
454,12,Juab,NE01.5,NE01.5,18,55,17,57
455,12,Juab,NE02.3,NE02.3,6,32,6,29
456,12,Juab,NE02.4,NE02.4,39,177,44,188
457,12,Juab,NE02.5,NE02.5,15,58,16,63
458,12,Juab,NE03.2,NE03.2,41,184,42,192
459,12,Juab,NE03.3,NE03.3,9,22,12,25
460,12,Juab,NE4,NE04,62,256,72,253
461,12,Juab,NE5,NE05,66,215,73,230
462,12,Juab,RR,RR13,2,87,10,106
463,13,Kane,KANAB 1A&B,KA1,81,300,91,298
464,13,Kane,KANAB 2,KA2,96,309,91,335
465,13,Kane,KANAB 3 A&B,KA3,91,321,113,310
466,13,Kane,KANAB 4 A&B,KA4,122,254,132,253
467,13,Kane,ALTON,AL,4,51,4,46
468,13,Kane,GLENDALE,GL,14,127,11,143
469,13,Kane,ORDERVILLE /  MC A&B,OR,14,203,18,193
470,13,Kane,BULLFROG - BY MAIL,BU,5,9,6,10
471,13,Kane,BIGWATER/CHURCHWELLS,BW/CW,37,101,37,93
472,13,Kane,CEDAR MOUNTAIN - BY MAIL,CM,23,97,31,91
473,14,Millard,Abraham,ABR14,9,36,9,36
474,14,Millard,Delta 17,DEL17,115,362,105,405
475,14,Millard,Delta 18,DEL18,132,384,118,428
476,14,Millard,Deseret-Oasis,DO5,42,151,35,171
477,14,Millard,Fillmore 1,FIL1,64,383,98,401
478,14,Millard,Fillmore 2,FIL2,35,219,46,238
479,14,Millard,Flowell,FLO25,11,59,9,70
480,14,Millard,Garrison,GAR16,3,45,3,45
481,14,Millard,Hinckley,HIN11,39,182,54,183
482,14,Millard,Holden,HOLD8,17,164,31,179
483,14,Millard,Kanosh,KAN4,49,148,40,159
484,14,Millard,Leamington,LEAM7,18,50,24,59
485,14,Millard,Lynndyl,LYN19,12,43,12,44
486,14,Millard,Meadow,MEA3,30,90,27,122
487,14,Millard,Oak City,OAK6,37,191,39,239
488,14,Millard,Scipio,SCIP9,33,91,33,115
489,14,Millard,Sutherland,SUTH20,39,208,41,227
490,15,Morgan,Mtn. Green 1.1,15.1,102,273,95,315
491,15,Morgan,Peterson 2.1,15.2.1,18,65,17,71
492,15,Morgan,Peterson 2.2,15.2.2,96,437,95,487
493,15,Morgan,Milton 3.2,15.3.2,21,43,16,55
494,15,Morgan,Milton 3.3,15.3.3,20,160,27,164
495,15,Morgan,Milton 3.5,15.3.5,5,17,10,18
496,15,Morgan,Canyon Creek 4.3,15.4.3,45,227,46,240
497,15,Morgan,Canyon Creek 4.4,15.4.4,2,4,0,6
498,15,Morgan,South Morgan 5.4,15.5.4,74,279,76,295
499,15,Morgan,South Morgan 5.5,15.5.5,54,140,41,164
500,15,Morgan,Central Morgan 6.4,15.6.4,92,268,89,283
501,15,Morgan,North Morgan 7.5,15.7.5,81,249,61,291
502,15,Morgan,Croydon 8.5,15.8.5,13,36,18,43
503,16,Piute,Marysvale 1-1,16.1.1,34,95,39,92
504,16,Piute,Marysvale 1-2,16.1.2,5,34,5,35
505,16,Piute,Junction 2,16.2.2,6,51,9,52
506,16,Piute,Circleville 3-1,16.3.3,13,76,10,76
507,16,Piute,Circleville 3-2,16.3.5,7,81,8,84
508,16,Piute,Kingston 4,16.4.4,12,74,8,82
509,16,Piute,Greenwich 5,16.5.4,7,30,5,39
510,17,Rich,Woodruff,17.1,21,95,17,104
511,17,Rich,Randolph South,17.2,17,98,19,96
512,17,Rich,Randolph North,17.3,30,124,21,139
513,17,Rich,Laketown,17.4,27,115,31,121
514,17,Rich,Garden City,17.5,49,153,64,149
515,17,Rich,UNKN17,UNKN17,0,0,0,0
516,18,Salt Lake,ALT001,ALT001,93,22,71,82
517,18,Salt Lake,BLF001,BLF001,48,211,118,108
518,18,Salt Lake,BLF002,BLF002,56,170,123,139
519,18,Salt Lake,BLF003,BLF003,55,174,133,186
520,18,Salt Lake,BLF004,BLF004,95,295,148,180
521,18,Salt Lake,BLF005,BLF005,24,189,123,101
522,18,Salt Lake,BLF006,BLF006,118,323,168,170
523,18,Salt Lake,BRT901,BRT901,90,36,95,127
524,18,Salt Lake,CBL001,CBL001,118,108,93,123
525,18,Salt Lake,CNR001,CNR001,142,70,124,166
526,18,Salt Lake,CNR002,CNR002,210,129,125,161
527,18,Salt Lake,CNR003,CNR003,76,104,167,149
528,18,Salt Lake,CNR004,CNR004,129,126,93,185
529,18,Salt Lake,CNR005,CNR005,239,189,99,178
530,18,Salt Lake,CNR006,CNR006,106,69,96,145
531,18,Salt Lake,CNR007,CNR007,246,177,116,127
532,18,Salt Lake,CNR008,CNR008,249,143,132,170
533,18,Salt Lake,CNR009,CNR009,161,178,155,143
534,18,Salt Lake,CNR010,CNR010,178,128,105,164
535,18,Salt Lake,CNR011,CNR011,191,181,115,122
536,18,Salt Lake,CNR012,CNR012,214,136,89,128
537,18,Salt Lake,COP001,COP001,64,54,95,118
538,18,Salt Lake,COP002,COP002,51,30,117,226
539,18,Salt Lake,COT001,COT001,105,97,167,195
540,18,Salt Lake,COT002,COT002,144,156,128,158
541,18,Salt Lake,COT003,COT003,163,160,136,123
542,18,Salt Lake,COT004,COT004,59,63,165,189
543,18,Salt Lake,COT005,COT005,66,60,123,218
544,18,Salt Lake,COT006,COT006,144,122,39,47
545,18,Salt Lake,COT007,COT007,112,92,138,161
546,18,Salt Lake,COT008,COT008,161,155,131,171
547,18,Salt Lake,COT009,COT009,145,163,134,109
548,18,Salt Lake,COT010,COT010,101,93,104,66
549,18,Salt Lake,COT011,COT011,117,138,157,180
550,18,Salt Lake,COT012,COT012,58,42,175,203
551,18,Salt Lake,COT013,COT013,171,247,195,211
552,18,Salt Lake,COT014,COT014,158,201,176,195
553,18,Salt Lake,COT015,COT015,123,206,142,145
554,18,Salt Lake,COT016,COT016,208,182,139,166
555,18,Salt Lake,COT017,COT017,148,157,138,217
556,18,Salt Lake,COT018,COT018,190,151,177,262
557,18,Salt Lake,COT019,COT019,210,129,122,160
558,18,Salt Lake,COT020,COT020,219,161,113,108
559,18,Salt Lake,COT021,COT021,221,168,94,84
560,18,Salt Lake,COT022,COT022,221,240,109,127
561,18,Salt Lake,COT023,COT023,243,166,146,134
562,18,Salt Lake,COT024,COT024,226,147,118,70
563,18,Salt Lake,COT025,COT025,178,138,97,92
564,18,Salt Lake,COT026,COT026,183,140,76,99
565,18,Salt Lake,COT027,COT027,137,232,134,234
566,18,Salt Lake,COT028,COT028,109,185,94,125
567,18,Salt Lake,COT029,COT029,130,128,107,80
568,18,Salt Lake,COT030,COT030,96,155,109,116
569,18,Salt Lake,COT031,COT031,124,124,101,96
570,18,Salt Lake,COT032,COT032,124,133,165,128
571,18,Salt Lake,COT033,COT033,156,163,128,165
572,18,Salt Lake,COT034,COT034,131,182,174,160
573,18,Salt Lake,COT035,COT035,231,190,110,183
574,18,Salt Lake,COT036,COT036,234,147,137,91
575,18,Salt Lake,COT037,COT037,193,232,81,128
576,18,Salt Lake,COT038,COT038,90,55,65,36
577,18,Salt Lake,DRP001,DRP001,104,206,99,61
578,18,Salt Lake,DRP002,DRP002,67,121,121,114
579,18,Salt Lake,DRP003,DRP003,135,233,90,90
580,18,Salt Lake,DRP004,DRP004,119,269,44,44
581,18,Salt Lake,DRP005,DRP005,151,226,85,103
582,18,Salt Lake,DRP006,DRP006,141,193,97,109
583,18,Salt Lake,DRP007,DRP007,84,194,6,18
584,18,Salt Lake,DRP008,DRP008,48,122,92,126
585,18,Salt Lake,DRP009,DRP009,54,153,115,190
586,18,Salt Lake,DRP010,DRP010,92,185,120,145
587,18,Salt Lake,DRP011,DRP011,79,167,51,100
588,18,Salt Lake,DRP012,DRP012,62,290,164,180
589,18,Salt Lake,DRP013,DRP013,94,244,152,196
590,18,Salt Lake,DRP014,DRP014,64,147,153,181
591,18,Salt Lake,DRP015,DRP015,105,260,146,148
592,18,Salt Lake,DRP016,DRP016,52,130,104,169
593,18,Salt Lake,DRP017,DRP017,78,313,131,183
594,18,Salt Lake,DRP018,DRP018,36,62,161,183
595,18,Salt Lake,DRP019,DRP019,114,323,142,154
596,18,Salt Lake,DRP020,DRP020,108,345,57,58
597,18,Salt Lake,DRP021,DRP021,137,366,108,122
598,18,Salt Lake,DRP022,DRP022,81,274,129,160
599,18,Salt Lake,DRP023,DRP023,78,126,75,163
600,18,Salt Lake,DRP024,DRP024,120,230,153,199
601,18,Salt Lake,DRP025,DRP025,76,146,138,177
602,18,Salt Lake,DRP026,DRP026,88,140,121,199
603,18,Salt Lake,DRP027,DRP027,91,143,154,177
604,18,Salt Lake,DRP028,DRP028,118,274,21,30
605,18,Salt Lake,DRP029,DRP029,115,247,122,88
606,18,Salt Lake,DRP030,DRP030,16,34,146,75
607,18,Salt Lake,DRP031,DRP031,104,219,195,150
608,18,Salt Lake,DRP032,DRP032,106,169,119,100
609,18,Salt Lake,EMC001,EMC001,210,129,146,126
610,18,Salt Lake,EMC002,EMC002,188,153,95,89
611,18,Salt Lake,EMC003,EMC003,220,129,164,122
612,18,Salt Lake,EMC004,EMC004,177,234,17,8
613,18,Salt Lake,EMC005,EMC005,179,264,193,85
614,18,Salt Lake,EMC006,EMC006,262,218,214,67
615,18,Salt Lake,EMC007,EMC007,260,245,189,118
616,18,Salt Lake,EMC008,EMC008,201,146,198,155
617,18,Salt Lake,EMC009,EMC009,171,139,259,144
618,18,Salt Lake,EMC010,EMC010,243,272,191,132
619,18,Salt Lake,EMC011,EMC011,226,184,166,69
620,18,Salt Lake,EMC012,EMC012,287,151,157,147
621,18,Salt Lake,EMC013,EMC013,214,175,58,74
622,18,Salt Lake,EMC014,EMC014,141,143,216,85
623,18,Salt Lake,EMC015,EMC015,169,101,64,52
624,18,Salt Lake,EMC016,EMC016,146,82,186,104
625,18,Salt Lake,EMG001,EMG001,309,63,172,194
626,18,Salt Lake,EMG002,EMG002,200,78,248,99
627,18,Salt Lake,GNT001,GNT001,143,207,146,143
628,18,Salt Lake,GNT002,GNT002,90,99,436,175
629,18,Salt Lake,GNT003,GNT003,30,31,366,123
630,18,Salt Lake,GNT004,GNT004,6,16,155,41
631,18,Salt Lake,GNT005,GNT005,43,105,335,106
632,18,Salt Lake,GNT006,GNT006,95,96,394,78
633,18,Salt Lake,HER001,HER001,93,335,305,66
634,18,Salt Lake,HER002,HER002,48,182,66,41
635,18,Salt Lake,HER003,HER003,56,122,212,68
636,18,Salt Lake,HER004,HER004,90,223,184,105
637,18,Salt Lake,HER005,HER005,40,122,171,52
638,18,Salt Lake,HER006,HER006,53,195,159,157
639,18,Salt Lake,HER007,HER007,52,135,317,61
640,18,Salt Lake,HER008,HER008,85,236,350,65
641,18,Salt Lake,HER009,HER009,83,295,274,96
642,18,Salt Lake,HER010,HER010,78,213,142,30
643,18,Salt Lake,HER011,HER011,85,236,106,176
644,18,Salt Lake,HER012,HER012,70,207,251,44
645,18,Salt Lake,HER013,HER013,109,360,170,35
646,18,Salt Lake,HER014,HER014,68,226,229,86
647,18,Salt Lake,HER015,HER015,0,0,283,80
648,18,Salt Lake,HOL001,HOL001,121,131,83,49
649,18,Salt Lake,HOL002,HOL002,110,141,110,54
650,18,Salt Lake,HOL003,HOL003,218,208,130,102
651,18,Salt Lake,HOL004,HOL004,128,185,171,91
652,18,Salt Lake,HOL005,HOL005,159,186,102,77
653,18,Salt Lake,HOL006,HOL006,172,260,102,27
654,18,Salt Lake,HOL007,HOL007,179,252,160,88
655,18,Salt Lake,HOL008,HOL008,207,178,180,96
656,18,Salt Lake,HOL009,HOL009,139,129,100,14
657,18,Salt Lake,HOL010,HOL010,204,188,92,12
658,18,Salt Lake,HOL011,HOL011,243,274,21,4
659,18,Salt Lake,HOL012,HOL012,211,159,143,93
660,18,Salt Lake,HOL013,HOL013,156,91,118,60
661,18,Salt Lake,HOL014,HOL014,170,67,138,68
662,18,Salt Lake,HOL015,HOL015,250,148,107,88
663,18,Salt Lake,HOL016,HOL016,244,170,137,101
664,18,Salt Lake,HOL017,HOL017,210,174,12,9
665,18,Salt Lake,HOL018,HOL018,259,201,69,35
666,18,Salt Lake,HOL019,HOL019,133,119,106,35
667,18,Salt Lake,HOL020,HOL020,114,176,93,52
668,18,Salt Lake,HOL021,HOL021,242,261,178,40
669,18,Salt Lake,HOL022,HOL022,186,94,113,23
670,18,Salt Lake,HOL023,HOL023,135,224,124,53
671,18,Salt Lake,HOL024,HOL024,238,246,202,63
672,18,Salt Lake,HOL025,HOL025,177,191,155,58
673,18,Salt Lake,HOL026,HOL026,120,179,222,58
674,18,Salt Lake,HOL027,HOL027,15,32,169,50
675,18,Salt Lake,HOL028,HOL028,120,120,118,17
676,18,Salt Lake,HOL029,HOL029,50,85,205,47
677,18,Salt Lake,HOL030,HOL030,134,97,190,68
678,18,Salt Lake,KRN001,KRN001,75,146,213,54
679,18,Salt Lake,KRN002,KRN002,124,171,193,53
680,18,Salt Lake,KRN003,KRN003,140,115,14,22
681,18,Salt Lake,KRN004,KRN004,115,111,137,37
682,18,Salt Lake,KRN005,KRN005,101,74,238,85
683,18,Salt Lake,KRN006,KRN006,80,79,109,30
684,18,Salt Lake,KRN007,KRN007,175,159,135,37
685,18,Salt Lake,KRN008,KRN008,182,117,205,73
686,18,Salt Lake,KRN009,KRN009,174,128,134,41
687,18,Salt Lake,KRN010,KRN010,143,160,239,42
688,18,Salt Lake,KRN011,KRN011,70,134,190,45
689,18,Salt Lake,KRN012,KRN012,90,163,172,47
690,18,Salt Lake,KRN013,KRN013,99,151,93,27
691,18,Salt Lake,KRN014,KRN014,131,164,250,54
692,18,Salt Lake,KRN015,KRN015,119,161,213,64
693,18,Salt Lake,KRN016,KRN016,110,116,58,14
694,18,Salt Lake,KRN017,KRN017,132,109,83,129
695,18,Salt Lake,KRN018,KRN018,98,163,42,63
696,18,Salt Lake,KRN019,KRN019,126,179,317,64
697,18,Salt Lake,MAG001,MAG001,69,75,202,27
698,18,Salt Lake,MAG002,MAG002,117,98,87,40
699,18,Salt Lake,MAG003,MAG003,136,129,108,33
700,18,Salt Lake,MAG004,MAG004,127,178,235,77
701,18,Salt Lake,MAG005,MAG005,178,148,250,52
702,18,Salt Lake,MAG006,MAG006,127,90,218,47
703,18,Salt Lake,MAG007,MAG007,160,158,186,57
704,18,Salt Lake,MAG008,MAG008,97,122,208,52
705,18,Salt Lake,MAG009,MAG009,102,113,306,83
706,18,Salt Lake,MAG010,MAG010,125,162,277,81
707,18,Salt Lake,MAG011,MAG011,121,123,268,61
708,18,Salt Lake,MAG012,MAG012,171,134,250,55
709,18,Salt Lake,MAG013,MAG013,141,150,151,28
710,18,Salt Lake,MAG014,MAG014,102,157,192,46
711,18,Salt Lake,MAG015,MAG015,107,167,156,46
712,18,Salt Lake,MAG016,MAG016,108,120,180,70
713,18,Salt Lake,MAG901,MAG901,0,0,125,67
714,18,Salt Lake,MID001,MID001,132,152,164,106
715,18,Salt Lake,MID002,MID002,39,40,328,88
716,18,Salt Lake,MID003,MID003,51,76,356,117
717,18,Salt Lake,MID004,MID004,88,86,284,96
718,18,Salt Lake,MID005,MID005,70,69,316,55
719,18,Salt Lake,MID006,MID006,130,139,304,99
720,18,Salt Lake,MID007,MID007,192,197,153,45
721,18,Salt Lake,MID008,MID008,138,112,300,210
722,18,Salt Lake,MID009,MID009,219,165,284,49
723,18,Salt Lake,MID010,MID010,64,59,131,30
724,18,Salt Lake,MID011,MID011,146,160,219,50
725,18,Salt Lake,MID012,MID012,127,121,304,61
726,18,Salt Lake,MID013,MID013,169,140,255,66
727,18,Salt Lake,MID014,MID014,131,119,281,62
728,18,Salt Lake,MID015,MID015,113,169,264,124
729,18,Salt Lake,MID016,MID016,69,60,130,42
730,18,Salt Lake,MID017,MID017,22,26,254,69
731,18,Salt Lake,MID018,MID018,114,80,274,70
732,18,Salt Lake,MID019,MID019,145,118,301,96
733,18,Salt Lake,MID020,MID020,143,161,17,13
734,18,Salt Lake,MID021,MID021,136,159,173,111
735,18,Salt Lake,MID022,MID022,42,69,218,124
736,18,Salt Lake,MID023,MID023,43,60,299,86
737,18,Salt Lake,MID024,MID024,124,109,139,81
738,18,Salt Lake,MIL001,MIL001,138,52,189,114
739,18,Salt Lake,MIL002,MIL002,178,83,281,120
740,18,Salt Lake,MIL003,MIL003,14,13,194,61
741,18,Salt Lake,MIL004,MIL004,35,18,167,137
742,18,Salt Lake,MIL005,MIL005,47,34,185,100
743,18,Salt Lake,MIL006,MIL006,205,138,213,169
744,18,Salt Lake,MIL007,MIL007,258,82,193,120
745,18,Salt Lake,MIL008,MIL008,131,77,89,51
746,18,Salt Lake,MIL009,MIL009,108,50,165,116
747,18,Salt Lake,MIL010,MIL010,207,108,232,151
748,18,Salt Lake,MIL011,MIL011,275,130,204,187
749,18,Salt Lake,MIL012,MIL012,48,40,249,134
750,18,Salt Lake,MIL013,MIL013,56,40,259,158
751,18,Salt Lake,MIL014,MIL014,89,75,268,238
752,18,Salt Lake,MIL015,MIL015,103,80,203,125
753,18,Salt Lake,MIL016,MIL016,194,80,242,204
754,18,Salt Lake,MIL017,MIL017,142,94,305,251
755,18,Salt Lake,MIL018,MIL018,200,125,239,140
756,18,Salt Lake,MIL019,MIL019,187,133,255,121
757,18,Salt Lake,MIL020,MIL020,138,138,268,118
758,18,Salt Lake,MIL021,MIL021,23,15,270,136
759,18,Salt Lake,MIL022,MIL022,188,102,277,143
760,18,Salt Lake,MIL023,MIL023,109,158,283,167
761,18,Salt Lake,MIL024,MIL024,261,158,193,136
762,18,Salt Lake,MIL025,MIL025,116,75,169,189
763,18,Salt Lake,MIL026,MIL026,152,126,169,161
764,18,Salt Lake,MIL027,MIL027,89,78,151,86
765,18,Salt Lake,MIL028,MIL028,203,143,73,32
766,18,Salt Lake,MIL029,MIL029,197,161,327,135
767,18,Salt Lake,MOL001,MOL001,368,114,109,96
768,18,Salt Lake,MOL002,MOL002,361,170,241,235
769,18,Salt Lake,MOL003,MOL003,259,160,238,167
770,18,Salt Lake,MOL004,MOL004,212,137,10,23
771,18,Salt Lake,MOL005,MOL005,221,179,162,80
772,18,Salt Lake,MOL006,MOL006,274,146,134,66
773,18,Salt Lake,MOL007,MOL007,322,129,106,79
774,18,Salt Lake,MOL008,MOL008,237,152,108,66
775,18,Salt Lake,MUR001,MUR001,5,8,146,77
776,18,Salt Lake,MUR002,MUR002,95,62,142,118
777,18,Salt Lake,MUR003,MUR003,115,94,74,86
778,18,Salt Lake,MUR004,MUR004,202,158,44,34
779,18,Salt Lake,MUR005,MUR005,102,74,129,79
780,18,Salt Lake,MUR006,MUR006,63,32,94,48
781,18,Salt Lake,MUR007,MUR007,186,179,88,61
782,18,Salt Lake,MUR008,MUR008,118,134,172,157
783,18,Salt Lake,MUR009,MUR009,127,167,110,48
784,18,Salt Lake,MUR010,MUR010,110,87,129,85
785,18,Salt Lake,MUR011,MUR011,184,136,86,76
786,18,Salt Lake,MUR012,MUR012,230,189,133,58
787,18,Salt Lake,MUR013,MUR013,89,68,159,108
788,18,Salt Lake,MUR014,MUR014,221,198,34,16
789,18,Salt Lake,MUR015,MUR015,207,245,47,40
790,18,Salt Lake,MUR016,MUR016,128,210,16,13
791,18,Salt Lake,MUR017,MUR017,98,93,135,79
792,18,Salt Lake,MUR018,MUR018,239,242,68,119
793,18,Salt Lake,MUR019,MUR019,131,111,202,139
794,18,Salt Lake,MUR020,MUR020,180,230,128,140
795,18,Salt Lake,MUR021,MUR021,138,119,58,38
796,18,Salt Lake,MUR022,MUR022,108,90,169,245
797,18,Salt Lake,MUR023,MUR023,176,157,133,78
798,18,Salt Lake,MUR024,MUR024,171,156,97,67
799,18,Salt Lake,MUR025,MUR025,211,145,200,142
800,18,Salt Lake,MUR026,MUR026,91,60,198,126
801,18,Salt Lake,MUR027,MUR027,199,185,206,147
802,18,Salt Lake,MUR028,MUR028,114,92,262,146
803,18,Salt Lake,MUR029,MUR029,104,114,209,148
804,18,Salt Lake,MUR030,MUR030,204,295,173,173
805,18,Salt Lake,MUR031,MUR031,137,112,202,87
806,18,Salt Lake,MUR032,MUR032,153,134,318,55
807,18,Salt Lake,MUR033,MUR033,173,134,234,204
808,18,Salt Lake,MUR034,MUR034,168,136,243,195
809,18,Salt Lake,MUR035,MUR035,149,161,234,167
810,18,Salt Lake,MUR036,MUR036,173,199,172,134
811,18,Salt Lake,MUR037,MUR037,115,180,93,79
812,18,Salt Lake,MUR038,MUR038,108,190,224,141
813,18,Salt Lake,MUR039,MUR039,187,153,141,202
814,18,Salt Lake,MUR040,MUR040,22,23,189,195
815,18,Salt Lake,MUR041,MUR041,185,159,195,163
816,18,Salt Lake,MUR042,MUR042,220,265,351,131
817,18,Salt Lake,MUR043,MUR043,112,113,238,247
818,18,Salt Lake,MUR044,MUR044,111,185,196,157
819,18,Salt Lake,MUR045,MUR045,22,16,148,158
820,18,Salt Lake,MUR046,MUR046,150,125,179,271
821,18,Salt Lake,MUR047,MUR047,108,128,186,326
822,18,Salt Lake,MUR048,MUR048,16,18,219,306
823,18,Salt Lake,MUR049,MUR049,90,103,196,202
824,18,Salt Lake,MUR050,MUR050,124,143,345,201
825,18,Salt Lake,NRV001,NRV001,0,0,0,0
826,18,Salt Lake,NRV002,NRV002,0,0,0,0
827,18,Salt Lake,NRV003,NRV003,0,0,0,0
828,18,Salt Lake,NRV004,NRV004,0,0,0,0
829,18,Salt Lake,NRV005,NRV005,0,0,0,0
830,18,Salt Lake,NRV006,NRV006,0,0,0,0
831,18,Salt Lake,NRV007,NRV007,0,0,0,0
832,18,Salt Lake,NRV008,NRV008,0,0,0,0
833,18,Salt Lake,NRV009,NRV009,0,0,0,0
834,18,Salt Lake,NRV010,NRV010,0,0,0,0
835,18,Salt Lake,NRV011,NRV011,0,0,0,0
836,18,Salt Lake,NRV012,NRV012,0,0,0,0
837,18,Salt Lake,NRV013,NRV013,0,0,0,0
838,18,Salt Lake,NRV014,NRV014,0,0,0,0
839,18,Salt Lake,NRV015,NRV015,0,0,0,0
840,18,Salt Lake,NRV016,NRV016,0,0,0,0
841,18,Salt Lake,NRV017,NRV017,0,0,0,0
842,18,Salt Lake,NRV018,NRV018,0,0,0,0
843,18,Salt Lake,RIV01,RIV01,97,316,117,119
844,18,Salt Lake,RIV02,RIV02,110,365,147,115
845,18,Salt Lake,RIV03,RIV03,63,186,91,96
846,18,Salt Lake,RIV04,RIV04,76,222,85,86
847,18,Salt Lake,RIV05,RIV05,65,233,151,181
848,18,Salt Lake,RIV006,RIV006,112,232,181,130
849,18,Salt Lake,RIV007,RIV007,103,233,175,132
850,18,Salt Lake,RIV008,RIV008,102,358,127,178
851,18,Salt Lake,RIV009,RIV009,92,212,102,122
852,18,Salt Lake,RIV010,RIV010,99,224,132,178
853,18,Salt Lake,RIV011,RIV011,102,225,105,179
854,18,Salt Lake,RIV012,RIV012,107,234,124,124
855,18,Salt Lake,RIV013,RIV013,61,138,98,165
856,18,Salt Lake,RIV014,RIV014,47,135,106,162
857,18,Salt Lake,RIV015,RIV015,96,286,129,183
858,18,Salt Lake,RIV016,RIV016,106,366,80,133
859,18,Salt Lake,RIV017,RIV017,125,265,111,155
860,18,Salt Lake,RIV018,RIV018,79,232,75,159
861,18,Salt Lake,RIV019,RIV019,123,223,110,187
862,18,Salt Lake,RIV020,RIV020,86,148,170,171
863,18,Salt Lake,RIV021,RIV021,78,264,54,59
864,18,Salt Lake,RIV022,RIV022,84,225,116,163
865,18,Salt Lake,RIV023,RIV023,59,278,154,176
866,18,Salt Lake,RIV024,RIV024,19,101,114,113
867,18,Salt Lake,RIV025,RIV025,135,290,118,83
868,18,Salt Lake,RIV026,RIV026,92,257,125,121
869,18,Salt Lake,RIV027,RIV027,73,213,136,193
870,18,Salt Lake,RIV028,RIV028,56,127,122,135
871,18,Salt Lake,RIV901,RIV901,4,0,110,154
872,18,Salt Lake,SAN001,SAN001,184,208,178,212
873,18,Salt Lake,SAN002,SAN002,84,99,194,206
874,18,Salt Lake,SAN003,SAN003,24,23,87,150
875,18,Salt Lake,SAN004,SAN004,61,77,133,224
876,18,Salt Lake,SAN005,SAN005,114,147,79,75
877,18,Salt Lake,SAN006,SAN006,147,102,154,169
878,18,Salt Lake,SAN007,SAN007,125,132,147,213
879,18,Salt Lake,SAN008,SAN008,56,109,175,245
880,18,Salt Lake,SAN009,SAN009,123,132,161,122
881,18,Salt Lake,SAN010,SAN010,9,40,78,66
882,18,Salt Lake,SAN011,SAN011,168,241,134,69
883,18,Salt Lake,SAN012,SAN012,216,227,132,162
884,18,Salt Lake,SAN013,SAN013,120,159,127,133
885,18,Salt Lake,SAN014,SAN014,185,182,124,200
886,18,Salt Lake,SAN015,SAN015,213,208,128,179
887,18,Salt Lake,SAN016,SAN016,31,53,153,197
888,18,Salt Lake,SAN017,SAN017,130,165,129,156
889,18,Salt Lake,SAN018,SAN018,172,243,66,127
890,18,Salt Lake,SAN019,SAN019,98,108,134,132
891,18,Salt Lake,SAN020,SAN020,120,108,153,205
892,18,Salt Lake,SAN021,SAN021,113,137,127,174
893,18,Salt Lake,SAN022,SAN022,186,312,115,211
894,18,Salt Lake,SAN023,SAN023,46,63,143,274
895,18,Salt Lake,SAN024,SAN024,122,198,101,172
896,18,Salt Lake,SAN025,SAN025,95,117,153,145
897,18,Salt Lake,SAN026,SAN026,192,232,39,86
898,18,Salt Lake,SAN027,SAN027,155,242,139,244
899,18,Salt Lake,SAN028,SAN028,63,78,165,218
900,18,Salt Lake,SAN029,SAN029,202,228,165,255
901,18,Salt Lake,SAN030,SAN030,112,194,151,249
902,18,Salt Lake,SAN031,SAN031,181,221,140,204
903,18,Salt Lake,SAN032,SAN032,133,187,127,230
904,18,Salt Lake,SAN033,SAN033,181,223,103,124
905,18,Salt Lake,SAN034,SAN034,170,176,113,251
906,18,Salt Lake,SAN035,SAN035,139,150,70,56
907,18,Salt Lake,SAN036,SAN036,138,159,48,36
908,18,Salt Lake,SAN037,SAN037,145,165,92,136
909,18,Salt Lake,SAN038,SAN038,102,175,12,12
910,18,Salt Lake,SAN039,SAN039,46,56,110,117
911,18,Salt Lake,SAN040,SAN040,113,138,92,109
912,18,Salt Lake,SAN041,SAN041,93,115,99,189
913,18,Salt Lake,SAN042,SAN042,163,200,114,231
914,18,Salt Lake,SAN043,SAN043,121,215,86,119
915,18,Salt Lake,SAN044,SAN044,164,215,99,124
916,18,Salt Lake,SAN045,SAN045,69,158,107,193
917,18,Salt Lake,SAN046,SAN046,151,199,127,245
918,18,Salt Lake,SAN047,SAN047,19,23,88,111
919,18,Salt Lake,SAN048,SAN048,51,44,113,157
920,18,Salt Lake,SAN049,SAN049,166,180,121,143
921,18,Salt Lake,SAN050,SAN050,160,255,74,154
922,18,Salt Lake,SAN051,SAN051,144,134,130,254
923,18,Salt Lake,SAN052,SAN052,236,251,95,175
924,18,Salt Lake,SAN053,SAN053,180,234,113,220
925,18,Salt Lake,SAN054,SAN054,213,195,164,208
926,18,Salt Lake,SAN055,SAN055,174,198,125,127
927,18,Salt Lake,SAN056,SAN056,166,179,118,236
928,18,Salt Lake,SAN057,SAN057,167,265,157,249
929,18,Salt Lake,SAN058,SAN058,208,215,113,192
930,18,Salt Lake,SAN059,SAN059,212,245,94,144
931,18,Salt Lake,SAN060,SAN060,148,224,63,115
932,18,Salt Lake,SAN061,SAN061,100,207,131,160
933,18,Salt Lake,SAN062,SAN062,122,136,131,198
934,18,Salt Lake,SAN063,SAN063,113,205,177,245
935,18,Salt Lake,SAN064,SAN064,87,161,102,205
936,18,Salt Lake,SAN065,SAN065,138,263,159,253
937,18,Salt Lake,SAN066,SAN066,156,236,62,195
938,18,Salt Lake,SAN067,SAN067,108,140,104,212
939,18,Salt Lake,SAN068,SAN068,77,74,80,138
940,18,Salt Lake,SAN069,SAN069,128,235,108,166
941,18,Salt Lake,SAN070,SAN070,23,22,128,192
942,18,Salt Lake,SAN071,SAN071,79,123,118,140
943,18,Salt Lake,SAN072,SAN072,156,290,136,238
944,18,Salt Lake,SAN073,SAN073,166,296,121,272
945,18,Salt Lake,SAN074,SAN074,116,290,89,206
946,18,Salt Lake,SAN075,SAN075,117,254,57,128
947,18,Salt Lake,SAN076,SAN076,102,240,115,281
948,18,Salt Lake,SAN077,SAN077,84,123,107,231
949,18,Salt Lake,SAN078,SAN078,148,236,79,171
950,18,Salt Lake,SAN079,SAN079,163,226,118,231
951,18,Salt Lake,SAN080,SAN080,140,288,111,137
952,18,Salt Lake,SAN081,SAN081,141,279,117,155
953,18,Salt Lake,SAN082,SAN082,171,272,101,185
954,18,Salt Lake,SAN083,SAN083,99,164,110,186
955,18,Salt Lake,SAN084,SAN084,119,239,122,217
956,18,Salt Lake,SAN085,SAN085,70,129,93,139
957,18,Salt Lake,SAN086,SAN086,141,227,82,138
958,18,Salt Lake,SAN087,SAN087,132,253,88,118
959,18,Salt Lake,SHL001,SHL001,31,24,112,199
960,18,Salt Lake,SHL002,SHL002,88,102,103,140
961,18,Salt Lake,SHL003,SHL003,102,109,170,242
962,18,Salt Lake,SHL004,SHL004,86,113,78,207
963,18,Salt Lake,SIL001,SIL001,49,59,14,36
964,18,Salt Lake,SJD001,SJD001,80,219,143,241
965,18,Salt Lake,SJD002,SJD002,126,262,103,217
966,18,Salt Lake,SJD003,SJD003,56,178,81,167
967,18,Salt Lake,SJD004,SJD004,122,268,129,196
968,18,Salt Lake,SJD005,SJD005,66,252,109,183
969,18,Salt Lake,SJD006,SJD006,73,145,81,139
970,18,Salt Lake,SJD007,SJD007,82,188,81,177
971,18,Salt Lake,SJD008,SJD008,57,154,104,291
972,18,Salt Lake,SJD009,SJD009,65,210,58,135
973,18,Salt Lake,SJD010,SJD010,73,201,114,175
974,18,Salt Lake,SJD011,SJD011,38,119,49,93
975,18,Salt Lake,SJD012,SJD012,132,289,69,148
976,18,Salt Lake,SJD013,SJD013,128,330,105,172
977,18,Salt Lake,SJD014,SJD014,103,311,28,99
978,18,Salt Lake,SJD015,SJD015,106,308,103,250
979,18,Salt Lake,SJD016,SJD016,81,257,12,53
980,18,Salt Lake,SJD017,SJD017,95,305,123,276
981,18,Salt Lake,SJD018,SJD018,98,205,51,191
982,18,Salt Lake,SJD019,SJD019,91,417,120,282
983,18,Salt Lake,SJD020,SJD020,9,22,91,218
984,18,Salt Lake,SJD021,SJD021,92,206,68,256
985,18,Salt Lake,SJD022,SJD022,139,386,131,348
986,18,Salt Lake,SJD023,SJD023,109,208,131,300
987,18,Salt Lake,SJD024,SJD024,52,185,91,182
988,18,Salt Lake,SJD025,SJD025,93,189,51,172
989,18,Salt Lake,SJD026,SJD026,117,216,68,213
990,18,Salt Lake,SJD027,SJD027,123,215,112,336
991,18,Salt Lake,SJD028,SJD028,111,203,99,315
992,18,Salt Lake,SJD029,SJD029,78,139,109,318
993,18,Salt Lake,SJD030,SJD030,47,161,76,275
994,18,Salt Lake,SJD031,SJD031,98,230,89,439
995,18,Salt Lake,SJD032,SJD032,162,316,63,221
996,18,Salt Lake,SJD033,SJD033,100,323,88,232
997,18,Salt Lake,SJD034,SJD034,114,269,104,213
998,18,Salt Lake,SJD035,SJD035,97,209,145,390
999,18,Salt Lake,SJD036,SJD036,60,159,79,144
1000,18,Salt Lake,SJD037,SJD037,119,298,82,142
1001,18,Salt Lake,SJD038,SJD038,113,293,124,227
1002,18,Salt Lake,SJD039,SJD039,16,43,97,188
1003,18,Salt Lake,SJD040,SJD040,109,300,106,333
1004,18,Salt Lake,SJD041,SJD041,130,294,36,123
1005,18,Salt Lake,SJD042,SJD042,96,195,122,199
1006,18,Salt Lake,SLC001,SLC001,25,21,61,182
1007,18,Salt Lake,SLC002,SLC002,62,65,105,205
1008,18,Salt Lake,SLC003,SLC003,119,90,62,165
1009,18,Salt Lake,SLC004,SLC004,91,89,157,326
1010,18,Salt Lake,SLC005,SLC005,154,114,94,250
1011,18,Salt Lake,SLC006,SLC006,146,68,55,165
1012,18,Salt Lake,SLC007,SLC007,179,121,116,315
1013,18,Salt Lake,SLC008,SLC008,20,6,99,296
1014,18,Salt Lake,SLC009,SLC009,215,128,97,225
1015,18,Salt Lake,SLC010,SLC010,133,82,110,230
1016,18,Salt Lake,SLC011,SLC011,179,95,121,297
1017,18,Salt Lake,SLC012,SLC012,208,143,17,43
1018,18,Salt Lake,SLC013,SLC013,263,126,113,311
1019,18,Salt Lake,SLC014,SLC014,214,102,119,317
1020,18,Salt Lake,SLC015,SLC015,217,90,113,185
1021,18,Salt Lake,SLC016,SLC016,64,48,4,30
1022,18,Salt Lake,SLC017,SLC017,187,98,82,225
1023,18,Salt Lake,SLC018,SLC018,160,63,71,195
1024,18,Salt Lake,SLC019,SLC019,196,75,70,240
1025,18,Salt Lake,SLC020,SLC020,168,126,97,272
1026,18,Salt Lake,SLC021,SLC021,222,49,111,364
1027,18,Salt Lake,SLC022,SLC022,149,37,104,248
1028,18,Salt Lake,SLC023,SLC023,242,95,99,237
1029,18,Salt Lake,SLC024,SLC024,176,172,97,252
1030,18,Salt Lake,SLC025,SLC025,142,136,78,238
1031,18,Salt Lake,SLC026,SLC026,439,159,91,241
1032,18,Salt Lake,SLC027,SLC027,366,118,82,268
1033,18,Salt Lake,SLC028,SLC028,70,37,16,109
1034,18,Salt Lake,SLC029,SLC029,337,95,54,135
1035,18,Salt Lake,SLC030,SLC030,400,73,86,244
1036,18,Salt Lake,SLC031,SLC031,314,55,75,286
1037,18,Salt Lake,SLC032,SLC032,192,92,104,325
1038,18,Salt Lake,SLC033,SLC033,212,60,113,282
1039,18,Salt Lake,SLC034,SLC034,311,55,98,388
1040,18,Salt Lake,SLC035,SLC035,156,155,96,264
1041,18,Salt Lake,SLC036,SLC036,109,162,113,371
1042,18,Salt Lake,SLC037,SLC037,171,46,114,251
1043,18,Salt Lake,SLC038,SLC038,245,43,73,163
1044,18,Salt Lake,SLC039,SLC039,166,32,75,254
1045,18,Salt Lake,SLC040,SLC040,237,74,148,306
1046,18,Salt Lake,SLC041,SLC041,291,65,132,270
1047,18,Salt Lake,SLC042,SLC042,340,62,77,228
1048,18,Salt Lake,SLC043,SLC043,274,82,56,138
1049,18,Salt Lake,SLC044,SLC044,137,30,58,151
1050,18,Salt Lake,SLC045,SLC045,12,24,97,346
1051,18,Salt Lake,SLC046,SLC046,91,38,90,234
1052,18,Salt Lake,SLC047,SLC047,110,70,58,194
1053,18,Salt Lake,SLC048,SLC048,108,50,82,244
1054,18,Salt Lake,SLC049,SLC049,131,101,96,304
1055,18,Salt Lake,SLC050,SLC050,170,72,87,245
1056,18,Salt Lake,SLC051,SLC051,173,100,96,373
1057,18,Salt Lake,SLC052,SLC052,100,28,76,209
1058,18,Salt Lake,SLC053,SLC053,96,16,77,224
1059,18,Salt Lake,SLC054,SLC054,174,89,55,166
1060,18,Salt Lake,SLC055,SLC055,90,14,54,137
1061,18,Salt Lake,SLC056,SLC056,182,38,64,117
1062,18,Salt Lake,SLC057,SLC057,118,25,0,0
1063,18,Salt Lake,SLC058,SLC058,124,46,79,223
1064,18,Salt Lake,SLC059,SLC059,170,44,39,116
1065,18,Salt Lake,SLC060,SLC060,231,79,61,168
1066,18,Salt Lake,SLC061,SLC061,168,50,103,362
1067,18,Salt Lake,SLC062,SLC062,124,47,93,316
1068,18,Salt Lake,SLC063,SLC063,178,47,25,195
1069,18,Salt Lake,SLC064,SLC064,161,51,41,225
1070,18,Salt Lake,SLC065,SLC065,214,49,56,184
1071,18,Salt Lake,SLC066,SLC066,112,20,194,193
1072,18,Salt Lake,SLC067,SLC067,211,38,123,132
1073,18,Salt Lake,SLC068,SLC068,208,68,125,160
1074,18,Salt Lake,SLC069,SLC069,190,45,109,151
1075,18,Salt Lake,SLC070,SLC070,176,72,190,212
1076,18,Salt Lake,SLC071,SLC071,218,51,151,197
1077,18,Salt Lake,SLC072,SLC072,118,23,214,304
1078,18,Salt Lake,SLC073,SLC073,133,44,184,252
1079,18,Salt Lake,SLC074,SLC074,207,64,202,182
1080,18,Salt Lake,SLC075,SLC075,93,23,159,282
1081,18,Salt Lake,SLC076,SLC076,240,54,124,130
1082,18,Salt Lake,SLC077,SLC077,222,55,195,248
1083,18,Salt Lake,SLC078,SLC078,58,13,249,262
1084,18,Salt Lake,SLC079,SLC079,136,35,119,211
1085,18,Salt Lake,SLC080,SLC080,39,68,184,109
1086,18,Salt Lake,SLC081,SLC081,72,130,105,189
1087,18,Salt Lake,SLC082,SLC082,142,93,133,229
1088,18,Salt Lake,SLC083,SLC083,127,57,223,275
1089,18,Salt Lake,SLC084,SLC084,112,78,117,187
1090,18,Salt Lake,SLC085,SLC085,151,51,184,193
1091,18,Salt Lake,SLC086,SLC086,145,96,18,30
1092,18,Salt Lake,SLC087,SLC087,11,9,55,82
1093,18,Salt Lake,SLC088,SLC088,22,3,114,135
1094,18,Salt Lake,SLC089,SLC089,98,27,141,96
1095,18,Salt Lake,SLC090,SLC090,108,39,241,164
1096,18,Salt Lake,SLC091,SLC091,67,32,162,92
1097,18,Salt Lake,SLC092,SLC092,95,45,171,76
1098,18,Salt Lake,SLC093,SLC093,234,46,216,183
1099,18,Salt Lake,SLC094,SLC094,315,66,238,184
1100,18,Salt Lake,SLC095,SLC095,186,44,254,219
1101,18,Salt Lake,SLC096,SLC096,112,30,57,39
1102,18,Salt Lake,SLC097,SLC097,215,40,92,69
1103,18,Salt Lake,SLC098,SLC098,239,74,104,90
1104,18,Salt Lake,SLC099,SLC099,261,61,174,106
1105,18,Salt Lake,SLC100,SLC100,277,79,134,107
1106,18,Salt Lake,SLC101,SLC101,260,42,194,138
1107,18,Salt Lake,SLC102,SLC102,153,29,114,79
1108,18,Salt Lake,SLC103,SLC103,258,41,200,132
1109,18,Salt Lake,SLC104,SLC104,201,27,148,144
1110,18,Salt Lake,SLC105,SLC105,329,79,24,14
1111,18,Salt Lake,SLC106,SLC106,370,97,171,119
1112,18,Salt Lake,SLC107,SLC107,309,55,251,170
1113,18,Salt Lake,SLC108,SLC108,320,62,96,178
1114,18,Salt Lake,SLC109,SLC109,213,46,90,86
1115,18,Salt Lake,SLC110,SLC110,284,45,206,144
1116,18,Salt Lake,SLC111,SLC111,251,56,161,117
1117,18,Salt Lake,SLC112,SLC112,185,39,114,110
1118,18,Salt Lake,SLC113,SLC113,266,74,195,170
1119,18,Salt Lake,SLC114,SLC114,259,55,277,173
1120,18,Salt Lake,SLC115,SLC115,127,41,205,198
1121,18,Salt Lake,SLC116,SLC116,301,88,269,165
1122,18,Salt Lake,SLC117,SLC117,283,83,222,136
1123,18,Salt Lake,SLC118,SLC118,157,38,232,177
1124,18,Salt Lake,SLC119,SLC119,137,20,126,160
1125,18,Salt Lake,SLC120,SLC120,309,52,160,110
1126,18,Salt Lake,SLC121,SLC121,222,46,146,93
1127,18,Salt Lake,SLC122,SLC122,278,56,279,142
1128,18,Salt Lake,SLC123,SLC123,307,81,253,131
1129,18,Salt Lake,SLC124,SLC124,18,10,326,137
1130,18,Salt Lake,SLC125,SLC125,297,73,175,180
1131,18,Salt Lake,SLC126,SLC126,250,127,224,288
1132,18,Salt Lake,SLC127,SLC127,324,161,4,8
1133,18,Salt Lake,SLC128,SLC128,223,162,97,66
1134,18,Salt Lake,SLC129,SLC129,260,115,112,104
1135,18,Salt Lake,SLC130,SLC130,323,219,95,80
1136,18,Salt Lake,SLC131,SLC131,281,99,186,180
1137,18,Salt Lake,SLC132,SLC132,189,108,61,38
1138,18,Salt Lake,SLC133,SLC133,141,70,112,95
1139,18,Salt Lake,SLC134,SLC134,261,107,165,209
1140,18,Salt Lake,SLC135,SLC135,272,216,117,139
1141,18,Salt Lake,SLC136,SLC136,260,147,120,176
1142,18,Salt Lake,SLC137,SLC137,233,142,191,146
1143,18,Salt Lake,SLC138,SLC138,264,101,217,203
1144,18,Salt Lake,SLC139,SLC139,206,116,89,76
1145,18,Salt Lake,SLC140,SLC140,242,187,90,63
1146,18,Salt Lake,SLC141,SLC141,293,120,218,215
1147,18,Salt Lake,SLC142,SLC142,300,143,194,202
1148,18,Salt Lake,SLC143,SLC143,264,122,114,91
1149,18,Salt Lake,SLC144,SLC144,325,123,127,227
1150,18,Salt Lake,SLC145,SLC145,158,39,120,130
1151,18,Salt Lake,SLC146,SLC146,117,73,100,98
1152,18,Salt Lake,SLC147,SLC147,182,74,106,99
1153,18,Salt Lake,SLC148,SLC148,171,97,169,175
1154,18,Salt Lake,SLC149,SLC149,191,53,223,145
1155,18,Salt Lake,SLC150,SLC150,280,104,145,124
1156,18,Salt Lake,SLC151,SLC151,193,82,211,293
1157,18,Salt Lake,SLC152,SLC152,229,142,101,133
1158,18,Salt Lake,SLC153,SLC153,85,45,136,123
1159,18,Salt Lake,SLC154,SLC154,174,99,138,153
1160,18,Salt Lake,SLC155,SLC155,196,122,153,128
1161,18,Salt Lake,SLC156,SLC156,230,105,24,15
1162,18,Salt Lake,SLC157,SLC157,174,118,171,171
1163,18,Salt Lake,SLC158,SLC158,198,113,115,131
1164,18,Salt Lake,SLC159,SLC159,162,104,134,180
1165,18,Salt Lake,SLC160,SLC160,240,155,22,16
1166,18,Salt Lake,SLC161,SLC161,11,24,137,245
1167,18,Salt Lake,SLC162,SLC162,173,173,181,244
1168,18,Salt Lake,SLC163,SLC163,193,130,230,277
1169,18,Salt Lake,SLC164,SLC164,161,72,98,97
1170,18,Salt Lake,SLC165,SLC165,79,28,120,156
1171,18,Salt Lake,SLC166,SLC166,242,223,167,150
1172,18,Salt Lake,SLC167,SLC167,116,84,171,142
1173,18,Salt Lake,SSL001,SSL001,170,75,114,193
1174,18,Salt Lake,SSL002,SSL002,131,63,112,209
1175,18,Salt Lake,SSL003,SSL003,118,57,223,264
1176,18,Salt Lake,SSL004,SSL004,114,72,179,173
1177,18,Salt Lake,SSL005,SSL005,144,69,24,23
1178,18,Salt Lake,SSL006,SSL006,153,105,183,168
1179,18,Salt Lake,SSL007,SSL007,77,71,113,117
1180,18,Salt Lake,SSL008,SSL008,137,67,215,283
1181,18,Salt Lake,SSL009,SSL009,51,24,110,200
1182,18,Salt Lake,SSL010,SSL010,84,70,132,160
1183,18,Salt Lake,SSL011,SSL011,124,83,38,37
1184,18,Salt Lake,SSL012,SSL012,93,59,60,74
1185,18,Salt Lake,SSL013,SSL013,86,52,82,99
1186,18,Salt Lake,SSL014,SSL014,104,47,126,125
1187,18,Salt Lake,SSL015,SSL015,182,144,73,77
1188,18,Salt Lake,SWT001,SWT001,82,136,129,150
1189,18,Salt Lake,SWT002,SWT002,13,10,69,62
1190,18,Salt Lake,TAY01,TAY01,185,157,195,197
1191,18,Salt Lake,TAY002,TAY002,110,154,132,119
1192,18,Salt Lake,TAY003,TAY003,126,118,229,161
1193,18,Salt Lake,TAY004,TAY004,119,103,145,128
1194,18,Salt Lake,TAY005,TAY005,50,60,144,174
1195,18,Salt Lake,TAY006,TAY006,128,76,111,88
1196,18,Salt Lake,TAY007,TAY007,196,186,20,31
1197,18,Salt Lake,TAY008,TAY008,161,162,148,170
1198,18,Salt Lake,TAY009,TAY009,87,62,45,71
1199,18,Salt Lake,TAY010,TAY010,145,132,134,172
1200,18,Salt Lake,TAY011,TAY011,127,65,46,61
1201,18,Salt Lake,TAY012,TAY012,71,67,162,148
1202,18,Salt Lake,TAY013,TAY013,143,176,129,129
1203,18,Salt Lake,TAY014,TAY014,131,183,110,128
1204,18,Salt Lake,TAY015,TAY015,118,129,114,185
1205,18,Salt Lake,TAY016,TAY016,108,181,68,68
1206,18,Salt Lake,TAY017,TAY017,105,158,60,94
1207,18,Salt Lake,TAY018,TAY018,134,211,85,183
1208,18,Salt Lake,TAY019,TAY019,176,214,184,219
1209,18,Salt Lake,TAY020,TAY020,86,145,13,36
1210,18,Salt Lake,TAY021,TAY021,149,202,167,256
1211,18,Salt Lake,TAY022,TAY022,68,118,28,21
1212,18,Salt Lake,TAY023,TAY023,163,156,19,23
1213,18,Salt Lake,TAY024,TAY024,162,242,216,235
1214,18,Salt Lake,TAY025,TAY025,147,202,117,153
1215,18,Salt Lake,TAY026,TAY026,122,179,30,18
1216,18,Salt Lake,TAY027,TAY027,126,168,86,106
1217,18,Salt Lake,TAY028,TAY028,123,123,196,243
1218,18,Salt Lake,TAY029,TAY029,125,165,186,184
1219,18,Salt Lake,TAY030,TAY030,37,81,28,58
1220,18,Salt Lake,TAY031,TAY031,153,188,172,249
1221,18,Salt Lake,TAY032,TAY032,120,155,136,108
1222,18,Salt Lake,TAY033,TAY033,100,113,64,76
1223,18,Salt Lake,TAY034,TAY034,164,214,184,177
1224,18,Salt Lake,TAY035,TAY035,164,232,118,172
1225,18,Salt Lake,TAY036,TAY036,104,149,118,140
1226,18,Salt Lake,TAY037,TAY037,134,137,111,236
1227,18,Salt Lake,TAY038,TAY038,154,104,148,255
1228,18,Salt Lake,TAY039,TAY039,161,235,102,116
1229,18,Salt Lake,TAY040,TAY040,139,192,111,124
1230,18,Salt Lake,TAY041,TAY041,160,197,141,129
1231,18,Salt Lake,TAY042,TAY042,146,224,98,114
1232,18,Salt Lake,TAY043,TAY043,170,235,140,169
1233,18,Salt Lake,WBN001,WBN001,105,252,117,168
1234,18,Salt Lake,WCN001,WCN001,101,170,175,337
1235,18,Salt Lake,WCR01,WCR01,49,72,182,233
1236,18,Salt Lake,WCR02,WCR02,222,279,107,200
1237,18,Salt Lake,WCR003,WCR003,173,176,209,204
1238,18,Salt Lake,WHT001,WHT001,191,233,69,107
1239,18,Salt Lake,WHT002,WHT002,167,220,53,49
1240,18,Salt Lake,WHT003,WHT003,164,189,115,146
1241,18,Salt Lake,WHT004,WHT004,132,219,133,198
1242,18,Salt Lake,WJD001,WJD001,99,132,116,140
1243,18,Salt Lake,WJD002,WJD002,89,124,79,137
1244,18,Salt Lake,WJD003,WJD003,97,108,66,172
1245,18,Salt Lake,WJD004,WJD004,13,34,166,207
1246,18,Salt Lake,WJD005,WJD005,103,120,124,229
1247,18,Salt Lake,WJD006,WJD006,106,191,109,212
1248,18,Salt Lake,WJD007,WJD007,104,201,168,181
1249,18,Salt Lake,WJD008,WJD008,96,143,48,48
1250,18,Salt Lake,WJD009,WJD009,157,241,155,282
1251,18,Salt Lake,WJD010,WJD010,96,163,130,154
1252,18,Salt Lake,WJD011,WJD011,69,159,230,280
1253,18,Salt Lake,WJD012,WJD012,113,174,192,249
1254,18,Salt Lake,WJD013,WJD013,127,206,96,219
1255,18,Salt Lake,WJD014,WJD014,113,168,124,140
1256,18,Salt Lake,WJD015,WJD015,75,123,166,221
1257,18,Salt Lake,WJD016,WJD016,101,109,85,120
1258,18,Salt Lake,WJD017,WJD017,67,148,89,160
1259,18,Salt Lake,WJD018,WJD018,95,183,133,234
1260,18,Salt Lake,WJD019,WJD019,78,170,153,241
1261,18,Salt Lake,WJD020,WJD020,97,240,159,203
1262,18,Salt Lake,WJD021,WJD021,91,185,184,188
1263,18,Salt Lake,WJD022,WJD022,108,149,132,280
1264,18,Salt Lake,WJD023,WJD023,121,222,40,71
1265,18,Salt Lake,WJD024,WJD024,121,248,71,136
1266,18,Salt Lake,WJD025,WJD025,84,177,197,227
1267,18,Salt Lake,WJD026,WJD026,152,235,53,97
1268,18,Salt Lake,WJD027,WJD027,146,215,84,131
1269,18,Salt Lake,WJD028,WJD028,115,213,133,170
1270,18,Salt Lake,WJD029,WJD029,94,101,137,160
1271,18,Salt Lake,WJD030,WJD030,85,108,188,247
1272,18,Salt Lake,WJD031,WJD031,93,138,121,259
1273,18,Salt Lake,WJD032,WJD032,124,123,198,222
1274,18,Salt Lake,WJD033,WJD033,180,180,152,305
1275,18,Salt Lake,WJD034,WJD034,110,145,171,183
1276,18,Salt Lake,WJD035,WJD035,80,161,204,263
1277,18,Salt Lake,WJD036,WJD036,100,213,86,257
1278,18,Salt Lake,WJD037,WJD037,125,190,133,283
1279,18,Salt Lake,WJD038,WJD038,95,190,149,169
1280,18,Salt Lake,WJD039,WJD039,100,168,146,230
1281,18,Salt Lake,WJD040,WJD040,110,214,143,318
1282,18,Salt Lake,WJD041,WJD041,13,47,128,304
1283,18,Salt Lake,WJD042,WJD042,119,220,176,266
1284,18,Salt Lake,WJD043,WJD043,125,257,161,230
1285,18,Salt Lake,WJD044,WJD044,79,192,111,155
1286,18,Salt Lake,WJD045,WJD045,96,221,161,236
1287,18,Salt Lake,WJD046,WJD046,52,87,135,244
1288,18,Salt Lake,WJD047,WJD047,120,266,195,246
1289,18,Salt Lake,WJD048,WJD048,107,132,156,275
1290,18,Salt Lake,WJD049,WJD049,148,233,184,276
1291,18,Salt Lake,WJD050,WJD050,88,196,115,253
1292,18,Salt Lake,WJD051,WJD051,57,137,126,270
1293,18,Salt Lake,WJD052,WJD052,138,201,32,25
1294,18,Salt Lake,WJD053,WJD053,86,152,54,68
1295,18,Salt Lake,WJD054,WJD054,131,158,75,115
1296,18,Salt Lake,WJD055,WJD055,113,188,45,68
1297,18,Salt Lake,WJD056,WJD056,67,108,199,233
1298,18,Salt Lake,WJD057,WJD057,82,128,108,172
1299,18,Salt Lake,WJD058,WJD058,63,195,34,30
1300,18,Salt Lake,WJD059,WJD059,127,261,93,101
1301,18,Salt Lake,WJD060,WJD060,79,137,169,227
1302,18,Salt Lake,WJD061,WJD061,64,108,6,13
1303,18,Salt Lake,WJD062,WJD062,172,237,48,108
1304,18,Salt Lake,WJD063,WJD063,129,237,138,221
1305,18,Salt Lake,WJD064,WJD064,140,184,84,115
1306,18,Salt Lake,WJD065,WJD065,121,187,160,201
1307,18,Salt Lake,WJD066,WJD066,168,232,136,233
1308,18,Salt Lake,WJD067,WJD067,78,165,92,134
1309,18,Salt Lake,WJD068,WJD068,102,159,89,124
1310,18,Salt Lake,WJD069,WJD069,103,201,90,24
1311,18,Salt Lake,WJD070,WJD070,39,77,137,239
1312,18,Salt Lake,WVC001,WVC001,107,156,127,269
1313,18,Salt Lake,WVC002,WVC002,164,187,154,234
1314,18,Salt Lake,WVC003,WVC003,132,152,149,194
1315,18,Salt Lake,WVC004,WVC004,137,149,147,363
1316,18,Salt Lake,WVC005,WVC005,42,36,95,274
1317,18,Salt Lake,WVC006,WVC006,103,126,87,203
1318,18,Salt Lake,WVC007,WVC007,143,201,87,165
1319,18,Salt Lake,WVC008,WVC008,180,188,47,140
1320,18,Salt Lake,WVC009,WVC009,145,152,79,123
1321,18,Salt Lake,WVC010,WVC010,91,118,63,158
1322,18,Salt Lake,WVC011,WVC011,131,205,68,291
1323,18,Salt Lake,WVC012,WVC012,115,180,99,247
1324,18,Salt Lake,WVC013,WVC013,88,122,130,221
1325,18,Salt Lake,WVC014,WVC014,202,192,36,69
1326,18,Salt Lake,WVC015,WVC015,130,118,87,193
1327,18,Salt Lake,WVC016,WVC016,155,181,56,158
1328,18,Salt Lake,WVC017,WVC017,195,237,51,124
1329,18,Salt Lake,WVC018,WVC018,127,207,72,153
1330,18,Salt Lake,WVC019,WVC019,184,167,84,144
1331,18,Salt Lake,WVC020,WVC020,111,103,81,279
1332,18,Salt Lake,WVC021,WVC021,136,107,121,289
1333,18,Salt Lake,WVC022,WVC022,132,151,75,331
1334,18,Salt Lake,WVC023,WVC023,110,53,117,258
1335,18,Salt Lake,WVC024,WVC024,151,134,113,331
1336,18,Salt Lake,WVC025,WVC025,123,151,104,217
1337,18,Salt Lake,WVC026,WVC026,171,166,119,341
1338,18,Salt Lake,WVC027,WVC027,127,165,102,226
1339,18,Salt Lake,WVC028,WVC028,87,84,111,123
1340,18,Salt Lake,WVC029,WVC029,96,120,70,124
1341,18,Salt Lake,WVC030,WVC030,96,82,106,178
1342,18,Salt Lake,WVC031,WVC031,80,85,18,34
1343,18,Salt Lake,WVC032,WVC032,151,131,63,63
1344,18,Salt Lake,WVC033,WVC033,144,217,110,103
1345,18,Salt Lake,WVC034,WVC034,174,150,136,170
1346,18,Salt Lake,WVC035,WVC035,104,115,164,160
1347,18,Salt Lake,WVC036,WVC036,112,77,73,56
1348,18,Salt Lake,WVC037,WVC037,117,108,147,126
1349,18,Salt Lake,WVC038,WVC038,128,150,149,168
1350,18,Salt Lake,WVC039,WVC039,112,168,160,172
1351,18,Salt Lake,WVC040,WVC040,141,80,132,135
1352,18,Salt Lake,WVC041,WVC041,151,125,103,94
1353,18,Salt Lake,WVC042,WVC042,117,62,207,185
1354,18,Salt Lake,WVC043,WVC043,101,76,221,182
1355,18,Salt Lake,WVC044,WVC044,90,85,240,173
1356,18,Salt Lake,WVC045,WVC045,63,40,116,97
1357,18,Salt Lake,WVC046,WVC046,101,59,168,261
1358,18,Salt Lake,WVC047,WVC047,132,105,157,214
1359,18,Salt Lake,WVC048,WVC048,95,110,107,222
1360,18,Salt Lake,WVC049,WVC049,42,46,220,200
1361,18,Salt Lake,WVC050,WVC050,91,95,187,162
1362,18,Salt Lake,WVC051,WVC051,95,107,146,160
1363,18,Salt Lake,WVC052,WVC052,114,186,196,146
1364,18,Salt Lake,WVC053,WVC053,113,141,55,47
1365,18,Salt Lake,WVC054,WVC054,9,16,138,241
1366,18,Salt Lake,WVC055,WVC055,88,132,104,202
1367,18,Salt Lake,WVC056,WVC056,53,95,131,123
1368,18,Salt Lake,WVC057,WVC057,147,190,94,167
1369,18,Salt Lake,WVC058,WVC058,147,187,242,235
1370,18,Salt Lake,WVC059,WVC059,140,175,216,174
1371,18,Salt Lake,WVC060,WVC060,142,144,160,168
1372,18,Salt Lake,WVC061,WVC061,110,156,140,128
1373,18,Salt Lake,WVC062,WVC062,146,162,173,151
1374,18,Salt Lake,WVC063,WVC063,151,172,123,195
1375,18,Salt Lake,WVC064,WVC064,144,147,235,202
1376,18,Salt Lake,WVC065,WVC065,51,67,129,122
1377,18,Salt Lake,WVC066,WVC066,105,129,183,139
1378,18,Salt Lake,WVC067,WVC067,127,162,232,155
1379,18,Salt Lake,WVC068,WVC068,68,166,196,245
1380,18,Salt Lake,WVC069,WVC069,166,174,90,58
1381,18,Salt Lake,WVC070,WVC070,134,165,0,0
1382,18,Salt Lake,WVC071,WVC071,148,162,4,0
1383,18,Salt Lake,WVC072,WVC072,173,153,83,43
1384,19,San Juan,Bluff,19.1,160,57,167,55
1385,19,San Juan,M. Creek,19.2,182,89,205,71
1386,19,San Juan,Aneth,19.3,158,65,159,67
1387,19,San Juan,C. Point,19.4,1,13,3,15
1388,19,San Juan,Ucolo,19.5,18,85,22,71
1389,19,San Juan,LaSal,19.6,38,70,36,71
1390,19,San Juan,S. Valley,19.7,45,106,50,103
1391,19,San Juan,N. Mont.,19.8,24,112,33,109
1392,19,San Juan,S. Mont,19.9,44,237,36,245
1393,19,San Juan,NW Blnd,19.1,53,320,59,313
1394,19,San Juan,SW Blnd,19.11,17,150,15,159
1395,19,San Juan,Mex Hat,19.12,76,37,75,35
1396,19,San Juan,Oljato,19.13,331,94,327,93
1397,19,San Juan,Nav. Mt.,19.14,125,34,127,37
1398,19,San Juan,Halls C.,19.15,0,4,0,4
1399,19,San Juan,Red M.,19.16,109,49,116,39
1400,19,San Juan,SE Blnd,19.17,44,290,47,289
1401,19,San Juan,NE Blnd,19.18,19,280,24,275
1402,19,San Juan,C. Mont,19.19,36,238,29,256
1403,19,San Juan,White M.,19.2,13,6,17,3
1404,19,San Juan,Canvass,Canvass,26,39,29,39
1405,20,Sanpete,INDIANOLA,INDU,3,30,6,43
1406,20,Sanpete,MILBURN,MILU,8,21,6,26
1407,20,Sanpete,FAIRVIEW,FRV,98,352,88,403
1408,20,Sanpete,MT PLEASANT,MTP,199,591,203,658
1409,20,Sanpete,SPRING CITY,SPR,100,261,96,260
1410,20,Sanpete,CHESTER,CHEU,2,39,5,39
1411,20,Sanpete,WALES,WAL,27,52,31,51
1412,20,Sanpete,FTN GREEN,FTG,47,207,53,216
1413,20,Sanpete,MORONI,MOR,59,253,60,277
1414,20,Sanpete,EPHRAIM,EPH,186,698,190,755
1415,20,Sanpete,MANTI,MAN,116,815,138,849
1416,20,Sanpete,STERLING,STR,22,103,25,102
1417,20,Sanpete,MAYFIELD,MAY,43,118,45,121
1418,20,Sanpete,GUNNISON,GUN,78,375,72,400
1419,20,Sanpete,CENTERFIELD,CEN,48,247,64,244
1420,20,Sanpete,AXTELL,AXT,11,59,14,61
1421,20,Sanpete,FAYETTE,FAY,4,49,4,50
1422,21,Sevier,Annabella #1,21.1,32,211,35,223
1423,21,Sevier,Aurora #2,21.2,58,311,59,325
1424,21,Sevier,Central #4,21.4,29,186,36,187
1425,21,Sevier,Elsinore #5,21.5,47,205,67,195
1426,21,Sevier,Glenwood #6,21.6,23,219,27,218
1427,21,Sevier,Joseph #7,21.7,25,136,22,149
1428,21,Sevier,Koosharem #17,21.17,13,71,15,77
1429,21,Sevier,Monroe #8,21.8,64,369,61,385
1430,21,Sevier,Monroe #9,21.9,78,327,82,332
1431,21,Sevier,Redmond #10,21.1,46,165,46,178
1432,21,Sevier,Richfield #11,21.11,41,170,54,161
1433,21,Sevier,Richfield #12,21.12,31,179,34,185
1434,21,Sevier,Richfield #13,21.13,27,219,37,213
1435,21,Sevier,Richfield #20,21.2,20,95,26,88
1436,21,Sevier,Richfield #21,21.21,22,134,28,134
1437,21,Sevier,Richfield #22,21.22,52,251,38,275
1438,21,Sevier,Richfield #23,21.23,33,277,45,277
1439,21,Sevier,Richfield #24,21.24,88,416,88,440
1440,21,Sevier,Salina #14,21.14,32,149,32,161
1441,21,Sevier,Salina #15,21.15,45,180,40,196
1442,21,Sevier,Salina #25,21.25,30,130,29,136
1443,21,Sevier,Sigurd #16,21.16,15,134,27,122
1444,21,Sevier,Venice #18,21.18,20,137,38,122
1445,22,Summit,1 Deer Valley,DVN1,234,156,243,151
1446,22,Summit,2 Old Town South,OLDS2,98,9,93,18
1447,22,Summit,3 Prospector,PROS3,72,27,76,24
1448,22,Summit,4 Thaynes Canyon,THAY4,130,57,133,58
1449,22,Summit,5 Park Meadows South,PKMS5,140,64,151,58
1450,22,Summit,6 Quarry Mountain,QUAR6,273,100,272,96
1451,22,Summit,7 Park West,PARW7,298,263,325,242
1452,22,Summit,8 Silver Creek,SLCR8,283,212,286,211
1453,22,Summit,9 Pinebrook South,PINS9,316,221,323,219
1454,22,Summit,10 Summit Park West,SUMW10,115,37,113,35
1455,22,Summit,11 Woodland,WOOD11,65,168,57,177
1456,22,Summit,12:9 Kamas West,K12.19,82,119,75,123
1457,22,Summit,12:19 Kamas West,K12.26,4,8,6,6
1458,22,Summit,12:26 Kamas West,K12.9,23,30,21,29
1459,22,Summit,13:19 Marion,M13.19,50,91,49,97
1460,22,Summit,13:26 Marion,M13.26,25,66,28,71
1461,22,Summit,14 Oakley,OAK14,164,308,158,319
1462,22,Summit,15:19 Peoa,P15.19,9,27,11,23
1463,22,Summit,15:26 Peoa,P15.26,23,73,19,79
1464,22,Summit,15:261 Peoa,P15261,7,7,7,7
1465,22,Summit,16 Silver Springs,SLVR16,217,117,230,112
1466,22,Summit,17 Wanship,WAN17,144,186,136,196
1467,22,Summit,18 Hoytsville,HOYT18,74,197,73,204
1468,22,Summit,19 Coalville South,COLS19,97,166,82,197
1469,22,Summit,20 Coalville North,COLN20,44,72,27,94
1470,22,Summit,21 Spring Hollow,SPRG21,24,76,31,77
1471,22,Summit,22 Upton,UPTN22,8,38,17,32
1472,22,Summit,23 Highland Estates West,HEW23,72,56,79,48
1473,22,Summit,24 Echo,ECHO24,11,12,9,16
1474,22,Summit,25 Henefer,HEN25,94,227,50,277
1475,22,Summit,26 Ranch Place,RPL26,186,110,194,102
1476,22,Summit,27 Jeremy West,JERW27,131,115,125,118
1477,22,Summit,28:12 Francis,F28.12,95,212,118,206
1478,22,Summit,28:19 Francis,F28.19,4,5,2,7
1479,22,Summit,28:26 Francis,F28.26,7,9,5,7
1480,22,Summit,29 Kamas East,KAME29,122,128,125,130
1481,22,Summit,30 Summit Park East,SUME30,281,76,281,86
1482,22,Summit,31 Deer Valley South,DVS31,170,74,172,72
1483,22,Summit,32 Old Town North,OLDN32,102,25,100,27
1484,22,Summit,33 Sidewinder,SIDE33,114,40,111,44
1485,22,Summit,34 Bitner,BTN34,161,93,167,89
1486,22,Summit,35 Park Meadows North,PKMN35,212,123,216,126
1487,22,Summit,36 Ranch Road South,RANS36,62,40,65,39
1488,22,Summit,37 Jeremy East,JERE37,220,171,231,174
1489,22,Summit,38 Highland Estates East,HEE38,304,149,306,154
1490,22,Summit,39 Pinebrook North,PINN39,122,70,131,60
1491,22,Summit,40 Moose Hollow,MHW40,197,136,202,131
1492,22,Summit,41 Pinebrook West,PINW41,156,92,154,95
1493,22,Summit,42 Snyders Mill,SML42,158,97,166,87
1494,23,Tooele,Tooele 1,T-01,81,172,65,196
1495,23,Tooele,Tooele 2,T-02,115,124,106,141
1496,23,Tooele,Tooele 3,T-03,112,145,96,164
1497,23,Tooele,Tooele 4,T-04,203,186,180,226
1498,23,Tooele,Tooele 5,T-05,86,87,79,107
1499,23,Tooele,Tooele 6,T-06,78,110,62,132
1500,23,Tooele,Tooele 7,T-07,98,137,94,152
1501,23,Tooele,Tooele 8,T-08,129,141,117,187
1502,23,Tooele,Tooele 9,T-09,134,245,116,295
1503,23,Tooele,Tooele 10,T-10,97,202,92,224
1504,23,Tooele,Tooele 11,T-11,130,340,119,371
1505,23,Tooele,Tooele 12,T-12,59,130,56,141
1506,23,Tooele,Tooele 13,T-13,130,255,127,270
1507,23,Tooele,Tooele 13.2,T-13.2,80,125,87,128
1508,23,Tooele,Tooele 14,T-14,78,151,88,155
1509,23,Tooele,Tooele 15,T-15,133,205,98,254
1510,23,Tooele,Tooele 16,T-16,120,149,108,171
1511,23,Tooele,Tooele 17,T-17,129,189,119,216
1512,23,Tooele,Tooele 18,T-18,103,229,97,241
1513,23,Tooele,Tooele 19,T-19,100,221,89,242
1514,23,Tooele,Grantsville 1,G-01,72,243,58,270
1515,23,Tooele,Grantsville 2,G-02,61,270,73,276
1516,23,Tooele,Grantsville 3,G-03,121,383,96,428
1517,23,Tooele,Grantsville 4,G-04,87,210,86,226
1518,23,Tooele,Grantsville 5,G-05,117,259,105,288
1519,23,Tooele,Stans Pk 1,SP-01,182,373,175,414
1520,23,Tooele,Stans Pk 1.2,SP01.2,21,40,20,42
1521,23,Tooele,Stans Pk 2,SP-02,79,162,88,159
1522,23,Tooele,Stans Pk 3,SP-03,48,139,50,141
1523,23,Tooele,Stans Pk 3.2,SP03.2,5,24,6,23
1524,23,Tooele,Stans Pk 3.3,SP03.3,24,53,27,59
1525,23,Tooele,Stansbury 4.1,SP-04,145,276,140,287
1526,23,Tooele,Stansbury Park 5.1,SP-05,22,66,25,65
1527,23,Tooele,Lincoln,LINC:1,39,96,34,111
1528,23,Tooele,Lake Point-1,LP-01,52,67,62,92
1529,23,Tooele,Lake Point-2,LP-02,25,63,34,81
1530,23,Tooele,Erda-1,ERD-01,97,266,96,274
1531,23,Tooele,Erda-2,ERD-02,63,128,52,146
1532,23,Tooele,Stockton-1,STK-01,53,98,54,100
1533,23,Tooele,Stockton-2,STK-02,26,93,26,97
1534,23,Tooele,Ophir,OPHIR,12,12,17,7
1535,23,Tooele,Vernon,VRN-1,14,80,20,77
1536,23,Tooele,Rush Valley,RV-01,65,117,60,127
1537,23,Tooele,Terra,TERRA,12,29,8,31
1538,23,Tooele,Dugway-1,DUG-02,26,37,25,41
1539,23,Tooele,Dugway-2,DUG-01,10,37,10,37
1540,23,Tooele,Ibapah,IBA,1,14,2,15
1541,23,Tooele,Wendover,WEND,22,41,25,38
1542,24,Uintah,JENSEN 1,JN01,25,266,35,263
1543,24,Uintah,DAVIS EAST 2,DE02,25,190,24,206
1544,24,Uintah,DAVIS WEST 3,DW03,16,235,26,231
1545,24,Uintah,NAPLES 4,NP04,42,375,42,414
1546,24,Uintah,SOUTH 5,SO05,39,334,40,361
1547,24,Uintah,MAESER EAST 6,ME06,40,316,60,314
1548,24,Uintah,MAESER/DRY FORK 7,MD07,42,318,45,321
1549,24,Uintah,VERNAL CITY 8,VC08,50,311,54,321
1550,24,Uintah,VERNAL CITY 9,VC09,45,200,46,211
1551,24,Uintah,VERNAL CITY 10,VC10,37,248,55,242
1552,24,Uintah,VERNAL CITY 11,VC11,48,211,46,230
1553,24,Uintah,VERNAL CITY 12,VC12,33,187,38,195
1554,24,Uintah,VERNAL CITY 13,VC13,32,144,36,142
1555,24,Uintah,VERNAL CITY 14,VC14,27,107,29,105
1556,24,Uintah,ASHLEY EAST 15,AE15,27,272,41,268
1557,24,Uintah,AVALON WILLOWS 16,AW16,18,91,18,91
1558,24,Uintah,GLINES SOUTH 17,GS17,28,214,32,212
1559,24,Uintah,FORT DUCHESNE 18,FD18,29,80,28,82
1560,24,Uintah,BALLARD 19,BL19,47,224,54,229
1561,24,Uintah,WHITEROCKS 20,WR20,12,33,15,31
1562,24,Uintah,LAPOINT/TRIDELL 21,LT21,36,322,49,338
1563,24,Uintah,ASHLEY WEST 22,AW22,36,257,52,244
1564,24,Uintah,GLINES NORTH 23,GN23,41,244,41,251
1565,24,Uintah,DAVIS NORTH 24,DN24,19,167,18,175
1566,24,Uintah,MAESER WEST 25,MW25,20,305,22,320
1567,24,Uintah,SOUTHWEST 26,SW26,19,257,34,271
1568,25,Utah,AF01,AF01,124,380,127,386
1569,25,Utah,AF01S,AF01S,6,53,2,61
1570,25,Utah,AF02,AF02,70,279,67,292
1571,25,Utah,AF02:UN,AF02S,4,35,3,34
1572,25,Utah,AF02S,AF02SU,0,0,0,0
1573,25,Utah,AF02S:UN,AF02U,0,0,0,0
1574,25,Utah,AF03,AF03,73,420,59,445
1575,25,Utah,AF04,AF04,109,282,83,311
1576,25,Utah,AF05,AF05,79,400,61,434
1577,25,Utah,AF06,AF06,75,473,64,488
1578,25,Utah,AF06:UN,AF06U,0,0,0,0
1579,25,Utah,AF06S,AF06S,1,11,1,12
1580,25,Utah,AF07,AF07,87,388,76,425
1581,25,Utah,AF08,AF08,101,422,85,454
1582,25,Utah,AF09,AF09,85,401,82,427
1583,25,Utah,AF10,AF10,100,500,71,545
1584,25,Utah,AF10S,AF10S,12,91,16,86
1585,25,Utah,AF11,AF11,63,363,61,378
1586,25,Utah,AF12,AF12,73,485,62,508
1587,25,Utah,AF12:UN,AF12U,1,5,1,5
1588,25,Utah,AL01,AL01,47,337,49,340
1589,25,Utah,AL01:UN,AL01U,12,53,12,53
1590,25,Utah,AL02,AL02,43,429,48,436
1591,25,Utah,AL03,AL03,72,441,71,448
1592,25,Utah,AL04,AL04,58,455,54,459
1593,25,Utah,AL05,AL05,38,395,37,396
1594,25,Utah,AL06,AL06,52,391,56,399
1595,25,Utah,BECB:UN ,BECB,14,96,19,94
1596,25,Utah,BELS:UN ,BELS,94,375,69,406
1597,25,Utah,CF01,CF01,22,75,15,85
1598,25,Utah,CF01:UN,CF01U,12,62,7,68
1599,25,Utah,CH01,CH01,62,457,53,471
1600,25,Utah,CH02,CH02,48,461,32,491
1601,25,Utah,CH03,CH03,72,562,73,566
1602,25,Utah,CH04,CH04,52,499,55,500
1603,25,Utah,DR01,DR01,90,232,92,223
1604,25,Utah,EL01:UN,EL01,8,73,8,75
1605,25,Utah,EM01,EM01,45,267,42,307
1606,25,Utah,EM02,EM02,66,385,70,397
1607,25,Utah,EM03,EM03,90,486,80,503
1608,25,Utah,EM04,EM04,77,415,89,421
1609,25,Utah,EM05,EM05,108,486,116,496
1610,25,Utah,EM06,EM06,77,455,90,475
1611,25,Utah,ER01,ER01,39,289,40,307
1612,25,Utah,ER01:UN,ER01U,1,21,1,23
1613,25,Utah,ER02,ER02,42,229,43,243
1614,25,Utah,FF01,FF01,6,25,4,31
1615,25,Utah,GE01,GE01,37,264,40,282
1616,25,Utah,GO01,GO01,48,119,41,140
1617,25,Utah,HI01,HI01,87,606,87,618
1618,25,Utah,HI02,HI02,72,406,60,425
1619,25,Utah,HI03,HI03,61,484,55,498
1620,25,Utah,HI04,HI04,66,779,67,789
1621,25,Utah,HI04:UN,HI04U,0,0,0,0
1622,25,Utah,HI05,HI05,83,428,74,450
1623,25,Utah,HI06,HI06,60,439,59,464
1624,25,Utah,HI06:UN,HI06U,0,2,1,1
1625,25,Utah,HI07,HI07,58,521,62,526
1626,25,Utah,LE01,LE01,65,231,54,251
1627,25,Utah,LE02,LE02,64,235,57,250
1628,25,Utah,LE03,LE03,79,452,84,472
1629,25,Utah,LE03:UN,LE03U,0,1,0,1
1630,25,Utah,LE04,LE04,80,366,65,397
1631,25,Utah,LE04:UN,LE04U,0,7,0,7
1632,25,Utah,LE05,LE05,94,453,88,472
1633,25,Utah,LE05:UN,LE05U,3,11,1,13
1634,25,Utah,LE06,LE06,96,576,70,609
1635,25,Utah,LE07,LE07,57,259,46,279
1636,25,Utah,LE08,LE08,67,462,82,480
1637,25,Utah,LE08S,LE08S,9,19,2,23
1638,25,Utah,LE08S:UN,LE08SU,1,8,1,9
1639,25,Utah,LE09,LE09,38,326,34,334
1640,25,Utah,LE10,LE10,53,512,52,517
1641,25,Utah,LE10S,LE10S,0,4,0,4
1642,25,Utah,LE11,LE11,87,443,75,446
1643,25,Utah,LE11S,LE11S,38,209,45,208
1644,25,Utah,LE11S:UN,LE11SU,1,4,1,4
1645,25,Utah,LE12,LE12,42,287,44,287
1646,25,Utah,LE12:UN,LE12U,0,1,0,2
1647,25,Utah,LE13,LE13,79,401,81,420
1648,25,Utah,LE13:UN,LE13U,2,6,2,4
1649,25,Utah,LE14,LE14,76,302,72,308
1650,25,Utah,LE15,LE15,90,386,72,409
1651,25,Utah,LE15:UN,LE15U,0,1,0,2
1652,25,Utah,LE16,LE16,48,294,44,311
1653,25,Utah,LE16:UN,LE16U,0,2,0,2
1654,25,Utah,LE16S,LE16S,1,5,0,6
1655,25,Utah,LE17,LE17,34,300,47,289
1656,25,Utah,LE18,LE18,99,532,100,530
1657,25,Utah,LE18:UN,LE18U,0,0,0,0
1658,25,Utah,LE19,LE19,37,280,41,284
1659,25,Utah,LE19:UN,LE19U,1,2,1,2
1660,25,Utah,LI01,LI01,68,357,66,374
1661,25,Utah,LI02,LI02,65,427,61,442
1662,25,Utah,LI03,LI03,31,291,33,314
1663,25,Utah,LI04,LI04,44,424,40,432
1664,25,Utah,LI05,LI05,45,374,40,405
1665,25,Utah,LI06,LI06,45,364,32,383
1666,25,Utah,LV01:UN,LV01,4,26,2,27
1667,25,Utah,MA01,MA01,76,432,70,455
1668,25,Utah,MA02,MA02,77,563,72,591
1669,25,Utah,MA03,MA03,83,524,97,524
1670,25,Utah,MA04,MA04,108,424,83,470
1671,25,Utah,OR01,OR01,66,330,70,337
1672,25,Utah,OR02,OR02,50,190,61,190
1673,25,Utah,OR03,OR03,64,366,64,374
1674,25,Utah,OR04,OR04,40,129,35,139
1675,25,Utah,OR05,OR05,109,513,77,548
1676,25,Utah,OR06,OR06,93,374,70,420
1677,25,Utah,OR07,OR07,56,275,44,289
1678,25,Utah,OR08,OR08,54,307,51,332
1679,25,Utah,OR09,OR09,48,282,46,300
1680,25,Utah,OR09S,OR09S,0,8,0,8
1681,25,Utah,OR10,OR10,102,406,89,415
1682,25,Utah,OR11,OR11,82,432,84,450
1683,25,Utah,OR12,OR12,44,127,42,126
1684,25,Utah,OR13,OR13,71,211,60,229
1685,25,Utah,OR14,OR14,29,135,29,150
1686,25,Utah,OR15,OR15,76,284,76,305
1687,25,Utah,OR16,OR16,42,282,34,299
1688,25,Utah,OR17,OR17,100,360,85,378
1689,25,Utah,OR18,OR18,57,213,54,234
1690,25,Utah,OR19,OR19,53,326,44,342
1691,25,Utah,OR20,OR20,99,344,94,364
1692,25,Utah,OR21,OR21,65,378,76,375
1693,25,Utah,OR22,OR22,62,274,60,274
1694,25,Utah,OR23,OR23,85,447,86,470
1695,25,Utah,OR24,OR24,97,477,83,501
1696,25,Utah,OR25,OR25,83,317,82,331
1697,25,Utah,OR26,OR26,68,318,58,337
1698,25,Utah,OR27,OR27,77,355,62,407
1699,25,Utah,OR28,OR28,112,439,100,441
1700,25,Utah,OR29,OR29,83,457,84,484
1701,25,Utah,OR30,OR30,84,397,63,428
1702,25,Utah,OR31,OR31,80,337,62,363
1703,25,Utah,OR32,OR32,61,311,54,330
1704,25,Utah,OR33,OR33,33,138,43,127
1705,25,Utah,OR34,OR34,30,136,29,138
1706,25,Utah,OR35,OR35,56,282,47,307
1707,25,Utah,OR36,OR36,71,294,64,307
1708,25,Utah,OR37,OR37,70,307,64,318
1709,25,Utah,OR38,OR38,49,259,48,271
1710,25,Utah,OR39,OR39,38,285,46,289
1711,25,Utah,OR40,OR40,54,223,59,227
1712,25,Utah,OR41,OR41,62,302,53,313
1713,25,Utah,OR42,OR42,72,265,64,277
1714,25,Utah,OR43,OR43,85,405,86,432
1715,25,Utah,OR44,OR44,57,240,49,248
1716,25,Utah,OR45,OR45,104,497,91,528
1717,25,Utah,OR46,OR46,57,312,52,331
1718,25,Utah,OR47,OR47,59,342,53,369
1719,25,Utah,OR48,OR48,51,313,48,323
1720,25,Utah,PA01,PA01,82,392,102,386
1721,25,Utah,PA01:UN,PA01U,3,24,1,26
1722,25,Utah,PA02,PA02,64,395,68,412
1723,25,Utah,PA03,PA03,94,341,100,356
1724,25,Utah,PA04,PA04,75,352,80,359
1725,25,Utah,PA04:UN,PA04U,11,35,11,40
1726,25,Utah,PA05,PA05,42,177,44,185
1727,25,Utah,PA06,PA06,27,100,22,105
1728,25,Utah,PA06:UN,PA06U,56,303,61,318
1729,25,Utah,PA07,PA07,68,400,77,402
1730,25,Utah,PA08,PA08,83,294,78,315
1731,25,Utah,PC01:UN,PC01U,30,96,31,99
1732,25,Utah,PG01,PG01,57,478,45,497
1733,25,Utah,PG01:UN,PG01U,4,19,1,25
1734,25,Utah,PG02,PG02,55,267,52,277
1735,25,Utah,PG03,PG03,79,281,51,317
1736,25,Utah,PG04,PG04,38,311,45,306
1737,25,Utah,PG05,PG05,67,299,68,315
1738,25,Utah,PG05:UN,PG05U,0,0,0,0
1739,25,Utah,PG06,PG06,80,341,84,355
1740,25,Utah,PG07,PG07,61,426,60,427
1741,25,Utah,PG08,PG08,62,315,58,328
1742,25,Utah,PG09,PG09,55,465,58,464
1743,25,Utah,PG10,PG10,74,367,74,382
1744,25,Utah,PG11,PG11,46,374,44,370
1745,25,Utah,PG12,PG12,89,401,83,417
1746,25,Utah,PG13,PG13,40,237,37,250
1747,25,Utah,PG14,PG14,71,510,57,537
1748,25,Utah,PG15,PG15,27,130,25,131
1749,25,Utah,PG15:UN,PG15U,1,4,1,5
1750,25,Utah,PR01,PR01,62,186,61,193
1751,25,Utah,PR02,PR02,56,148,58,155
1752,25,Utah,PR02:UN,PR02U,0,4,0,4
1753,25,Utah,PR03,PR03,49,216,52,232
1754,25,Utah,PR04,PR04,68,171,78,162
1755,25,Utah,PR05,PR05,75,197,83,203
1756,25,Utah,PR06,PR06,65,131,64,134
1757,25,Utah,PR07,PR07,29,87,27,91
1758,25,Utah,PR08,PR08,27,78,32,75
1759,25,Utah,PR09,PR09,37,107,33,114
1760,25,Utah,PR10,PR10,33,103,38,110
1761,25,Utah,PR11,PR11,158,346,153,368
1762,25,Utah,PR12,PR12,58,199,70,190
1763,25,Utah,PR13,PR13,81,461,86,468
1764,25,Utah,PR14,PR14,47,106,55,106
1765,25,Utah,PR15,PR15,43,108,54,112
1766,25,Utah,PR16,PR16,110,475,117,469
1767,25,Utah,PR17,PR17,88,306,79,348
1768,25,Utah,PR18,PR18,89,301,90,306
1769,25,Utah,PR19,PR19,89,222,80,229
1770,25,Utah,PR20,PR20,85,297,90,298
1771,25,Utah,PR21,PR21,61,126,60,141
1772,25,Utah,PR22,PR22,53,91,47,101
1773,25,Utah,PR23,PR23,53,145,44,148
1774,25,Utah,PR24,PR24,73,324,73,340
1775,25,Utah,PR25,PR25,80,394,66,413
1776,25,Utah,PR26,PR26,93,313,91,332
1777,25,Utah,PR27,PR27,102,357,102,361
1778,25,Utah,PR28,PR28,53,186,47,214
1779,25,Utah,PR29,PR29,34,105,33,102
1780,25,Utah,PR30,PR30,78,417,81,432
1781,25,Utah,PR31,PR31,68,406,73,423
1782,25,Utah,PR32,PR32,32,175,31,182
1783,25,Utah,PR33,PR33,38,175,43,165
1784,25,Utah,PR34,PR34,13,63,14,65
1785,25,Utah,PR35,PR35,64,208,62,214
1786,25,Utah,PR36,PR36,162,451,152,475
1787,25,Utah,PR37,PR37,76,422,76,426
1788,25,Utah,PR38,PR38,8,33,10,31
1789,25,Utah,PR39,PR39,109,489,104,502
1790,25,Utah,PR40,PR40,81,349,88,351
1791,25,Utah,PR41,PR41,71,394,67,421
1792,25,Utah,PR42,PR42,117,501,103,526
1793,25,Utah,PR43,PR43,47,142,49,143
1794,25,Utah,PR44,PR44,85,229,84,253
1795,25,Utah,PR45,PR45,56,269,62,277
1796,25,Utah,PR46,PR46,30,122,28,120
1797,25,Utah,PR47,PR47,116,296,95,355
1798,25,Utah,PR48,PR48,19,44,18,47
1799,25,Utah,PR49,PR49,74,353,70,371
1800,25,Utah,PR49:UN,PR49U,2,1,2,2
1801,25,Utah,SA01,SA01,102,396,88,431
1802,25,Utah,SA01:UN,SA01U,10,5,8,7
1803,25,Utah,SA02,SA02,60,384,62,403
1804,25,Utah,SA02:UN,SA02U,11,83,9,100
1805,25,Utah,SA03,SA03,98,430,89,490
1806,25,Utah,SA03:UN,SA03U,1,13,2,12
1807,25,Utah,SF01,SF01,71,235,60,255
1808,25,Utah,SF02,SF02,98,384,98,390
1809,25,Utah,SF02:UN,SF02U,13,60,15,62
1810,25,Utah,SF03,SF03,47,180,53,187
1811,25,Utah,SF04,SF04,69,290,71,303
1812,25,Utah,SF04:UN,SF04U,0,5,0,5
1813,25,Utah,SF05,SF05,47,138,31,156
1814,25,Utah,SF06,SF06,46,252,42,287
1815,25,Utah,SF07,SF07,11,20,7,25
1816,25,Utah,SF07:UN,SF07U,30,109,28,117
1817,25,Utah,SF08,SF08,90,511,86,538
1818,25,Utah,SF08:UN,SF08U,5,8,3,10
1819,25,Utah,SF09,SF09,48,270,61,272
1820,25,Utah,SF09:UN,SF09U,3,15,2,14
1821,25,Utah,SF10,SF10,74,289,68,306
1822,25,Utah,SF11,SF11,53,366,54,382
1823,25,Utah,SF12,SF12,82,291,69,303
1824,25,Utah,SF13,SF13,36,362,28,386
1825,25,Utah,SF13:UN,SF13U,0,2,0,1
1826,25,Utah,SF14,SF14,48,390,55,407
1827,25,Utah,SF15,SF15,78,424,81,434
1828,25,Utah,SF16,SF16,35,294,46,329
1829,25,Utah,SL01:UN,SL01,31,128,24,136
1830,25,Utah,SP01,SP01,89,322,86,343
1831,25,Utah,SP02,SP02,69,271,69,292
1832,25,Utah,SP03,SP03,38,163,37,167
1833,25,Utah,SP03:UN,SP03U,0,3,1,1
1834,25,Utah,SP04,SP04,78,317,83,325
1835,25,Utah,SP05,SP05,76,279,67,302
1836,25,Utah,SP06,SP06,58,322,45,337
1837,25,Utah,SP07,SP07,82,524,80,531
1838,25,Utah,SP07:UN,SP07U,10,54,13,50
1839,25,Utah,SP07S,SP07S,0,4,2,2
1840,25,Utah,SP08,SP08,66,247,65,255
1841,25,Utah,SP09,SP09,101,342,90,362
1842,25,Utah,SP10,SP10,52,254,49,264
1843,25,Utah,SP11,SP11,69,268,56,292
1844,25,Utah,SP12,SP12,59,205,65,206
1845,25,Utah,SP13,SP13,131,402,123,461
1846,25,Utah,SP14,SP14,88,327,74,342
1847,25,Utah,SP15,SP15,56,263,59,248
1848,25,Utah,SQ01,SQ01,32,249,29,251
1849,25,Utah,SQ01:UN,SQ01U,18,43,9,52
1850,25,Utah,SQ02,SQ02,81,356,93,367
1851,25,Utah,SQ02:UN,SQ02U,5,27,5,28
1852,25,Utah,SQ03,SQ03,78,438,74,441
1853,25,Utah,SQ03:UN,SQ03U,0,0,0,0
1854,25,Utah,SR01,SR01,60,481,61,497
1855,25,Utah,SR01:UN,SR01U,3,8,3,9
1856,25,Utah,SR02,SR02,101,472,99,500
1857,25,Utah,SR03,SR03,81,604,89,627
1858,25,Utah,SR04,SR04,56,457,73,444
1859,25,Utah,SR05,SR05,51,347,55,354
1860,25,Utah,VI01,VI01,6,27,4,32
1861,25,Utah,WH01,WH01,61,337,57,348
1862,25,Utah,LAKE,LAKE,0,0,0,0
1863,26,Wasatch,Heber 1.1,26.1,91,112,94,113
1864,26,Wasatch,Heber 2.1,26.2,110,139,91,171
1865,26,Wasatch,Heber 3.1,26.3,68,85,77,89
1866,26,Wasatch,County 4.1,26.4.1,61,145,66,154
1867,26,Wasatch,County 4.2,26.4.2,17,44,23,44
1868,26,Wasatch,County 4.3,26.4.3,23,48,26,47
1869,26,Wasatch,Heber 5.1,26.5,92,249,92,263
1870,26,Wasatch,County 6.1,26.6,94,298,90,324
1871,26,Wasatch,Midway 7.1,26.7,158,283,146,301
1872,26,Wasatch,Midway 8.1,26.8,155,268,133,278
1873,26,Wasatch,Wallsburg 9.1,26.9,84,177,70,210
1874,26,Wasatch,Heber 10.1,26.1,117,304,117,318
1875,26,Wasatch,County 11.1,26.111,89,175,90,179
1876,26,Wasatch,County 11.2,26.112,13,16,7,22
1877,26,Wasatch,County 11.3,26.113,2,2,2,2
1878,26,Wasatch,Charleston Town 12.1,26.12,51,114,52,122
1879,26,Wasatch,Midway 13.1,26.131,61,94,68,93
1880,26,Wasatch,Co. Midway 13.2,26.132,0,4,0,4
1881,26,Wasatch,Heber 14.1,26.14,111,297,104,338
1882,26,Wasatch,County 15.1,26.151,55,161,48,176
1883,26,Wasatch,Independence 15.3,26.153,2,26,3,27
1884,26,Wasatch,Heber 16.1,26.161,107,309,124,313
1885,26,Wasatch,County16.2,26.162,0,1,0,1
1886,26,Wasatch,Heber 17.1,26.17,49,78,46,85
1887,26,Wasatch,Midway 18.1,26.18,113,248,109,254
1888,26,Wasatch,County 19.1,26.191,130,218,130,237
1889,26,Wasatch,Independence 19.2,26.192,0,0,0,0
1890,27,Washington,AV51.1,AV51,30,130,56,152
1891,27,Washington,AV51.2,AV51.2,0,0,0,0
1892,27,Washington,CE91.1,CE91.1,1,17,8,36
1893,27,Washington,CE91.2,CE91.2,41,140,98,246
1894,27,Washington,CE91.3,CE91.3,2,70,11,74
1895,27,Washington,DAV83,DAV83,87,210,196,376
1896,27,Washington,DIV92,DIV92,37,281,61,321
1897,27,Washington,EN82,EN82,23,387,53,471
1898,27,Washington,EN82.2,EN82.2,1,10,3,12
1899,27,Washington,HIL97,HIL97,5,139,20,262
1900,27,Washington,HU52,HU52,49,310,114,644
1901,27,Washington,HU53,HU53,45,365,114,732
1902,27,Washington,HU54,HU54,69,502,132,1078
1903,27,Washington,HU54.2,HU54.2,16,44,36,82
1904,27,Washington,HU55,HU55,94,480,218,1016
1905,27,Washington,HU56,HU56,157,525,418,1000
1906,27,Washington,HU57,HU57,125,422,298,882
1907,27,Washington,HU57.2,HU57.2,0,0,0,2
1908,27,Washington,IV76,IV76,117,387,256,780
1909,27,Washington,IV77,IV77,75,389,178,810
1910,27,Washington,IV78,IV78,226,307,488,616
1911,27,Washington,IV78.2,IV78.2,1,2,2,4
1912,27,Washington,IV79,IV79,110,383,248,812
1913,27,Washington,LA85,LA85,47,234,120,460
1914,27,Washington,LA86,LA86,42,169,112,344
1915,27,Washington,LA87,LA87,40,193,110,396
1916,27,Washington,LE90,LE90,57,235,80,295
1917,27,Washington,LE90.2,LE90.2,14,74,36,138
1918,27,Washington,NH93,NH93,9,76,13,93
1919,27,Washington,NH93.2,NH93.2,45,283,77,363
1920,27,Washington,SC71,SC71,43,450,56,540
1921,27,Washington,SC72,SC72,39,237,55,318
1922,27,Washington,SC73,SC73,65,271,103,353
1923,27,Washington,SC74,SC74,96,446,126,623
1924,27,Washington,SG01,SG01,69,240,100,354
1925,27,Washington,SG02,SG02,44,177,59,253
1926,27,Washington,SG03,SG03,46,256,63,373
1927,27,Washington,SG04,SG04,19,200,41,243
1928,27,Washington,SG05,SG05,39,246,53,308
1929,27,Washington,SG06,SG06,39,234,62,306
1930,27,Washington,SG07,SG07,54,237,81,331
1931,27,Washington,SG08,SG08,57,257,73,349
1932,27,Washington,SG09,SG09,75,296,100,426
1933,27,Washington,SG10,SG10,44,192,55,250
1934,27,Washington,SG11,SG11,50,210,69,278
1935,27,Washington,SG12,SG12,83,242,117,348
1936,27,Washington,SG13,SG13,64,117,80,181
1937,27,Washington,SG14,SG14,100,327,167,465
1938,27,Washington,SG15,SG15,114,501,188,663
1939,27,Washington,SG16,SG16,85,290,145,383
1940,27,Washington,SG17,SG17,106,454,133,599
1941,27,Washington,SG18,SG18,58,384,87,503
1942,27,Washington,SG19,SG19,54,362,81,439
1943,27,Washington,SG20,SG20,117,439,176,634
1944,27,Washington,SG21,SG21,91,321,114,470
1945,27,Washington,SG22,SG22,90,322,156,485
1946,27,Washington,SG23,SG23,110,395,148,577
1947,27,Washington,SG24,SG24,48,252,101,336
1948,27,Washington,SG25,SG25,60,294,75,376
1949,27,Washington,SG26,SG26,42,370,65,447
1950,27,Washington,SG27,SG27,93,442,140,640
1951,27,Washington,SG28,SG28,52,366,94,438
1952,27,Washington,SG29,SG29,73,487,118,592
1953,27,Washington,SG30,SG30,116,501,154,655
1954,27,Washington,SG31,SG31,90,650,149,842
1955,27,Washington,SG32,SG32,58,404,116,517
1956,27,Washington,SG33,SG33,39,259,63,362
1957,27,Washington,SG34,SG34,75,393,133,499
1958,27,Washington,SG35,SG35,66,300,100,429
1959,27,Washington,SG36,SG36,92,315,130,434
1960,27,Washington,SG37,SG37,64,348,93,459
1961,27,Washington,SG38,SG38,48,202,73,274
1962,27,Washington,SG39,SG39,149,374,206,519
1963,27,Washington,SG40,SG40,69,611,125,757
1964,27,Washington,SG41,SG41,187,547,254,748
1965,27,Washington,SP95.1,SP95.1,110,73,242,136
1966,27,Washington,SP95.2,SP95.2,49,45,57,99
1967,27,Washington,SP95.3,SP95.3,11,3,11,15
1968,27,Washington,TQ96,TQ96,71,374,92,449
1969,27,Washington,TQ96.2,TQ96.2,0,5,1,6
1970,27,Washington,VE80.1,VE80.1,15,139,22,146
1971,27,Washington,VE80.2,VE80.2,17,101,46,176
1972,27,Washington,VE80.3,VE80.3,5,32,13,38
1973,27,Washington,VI89,VI89,40,116,64,159
1974,27,Washington,VI89.2,VI89.2,0,13,0,26
1975,27,Washington,WA60,WA60,44,272,100,460
1976,27,Washington,WA61,WA61,89,434,163,702
1977,27,Washington,WA62,WA62,64,293,101,441
1978,27,Washington,WA63,WA63,67,423,134,575
1979,27,Washington,WA64,WA64,108,363,175,540
1980,27,Washington,WA65,WA65,62,566,94,815
1981,27,Washington,WA66,WA66,132,363,216,590
1982,27,Washington,WA67,WA67,75,511,135,782
1983,27,Washington,WA67.2,WA67.2,0,5,0,5
1984,27,Washington,WH98,WH98,50,275,91,391
1985,27,Washington,UNKN27,UNKN27,0,0,0,0
1986,28,Wayne,Fremont ,28.1,14,74,11,82
1987,28,Wayne,Loa 1&2,28.2,24,214,21,236
1988,28,Wayne,Lyman 1,28.3,7,98,8,105
1989,28,Wayne,Bicknell 1,28.4,37,167,35,173
1990,28,Wayne,Teasdale ,28.5,73,78,66,90
1991,28,Wayne,Torrey 1,28.6,91,87,95,90
1992,28,Wayne,Hanksville 1.1,28.7,17,68,0,72
1993,29,Weber,CYN001,CYN001,37,27,34,35
1994,29,Weber,FRW001,FRW001,74,192,76,197
1995,29,Weber,FRW002,FRW002,108,325,115,334
1996,29,Weber,FRW003,FRW003,54,142,42,159
1997,29,Weber,FRW004,FRW004,98,284,90,298
1998,29,Weber,HPR001,HPR001,101,325,97,339
1999,29,Weber,HPR002,HPR002,103,313,85,338
2000,29,Weber,HPR003,HPR003,128,425,139,423
2001,29,Weber,HPR004-By Mail,HPR004,1,5,2,6
2002,29,Weber,HSV001,HSV001,88,241,84,266
2003,29,Weber,HSV002,HSV002,104,293,110,302
2004,29,Weber,HSV003,HSV003,55,176,55,186
2005,29,Weber,HTV001,HTV001,88,114,81,141
2006,29,Weber,HTV002,HTV002,196,352,179,377
2007,29,Weber,MSC001,MSC001,69,146,67,153
2008,29,Weber,MSC002,MSC002,47,151,49,157
2009,29,Weber,NOG001,NOG001,85,197,78,227
2010,29,Weber,NOG002,NOG002,78,215,84,254
2011,29,Weber,NOG003,NOG003,155,322,148,360
2012,29,Weber,NOG004,NOG004,96,269,83,319
2013,29,Weber,NOG005,NOG005,97,196,78,228
2014,29,Weber,NOG006,NOG006,105,250,94,280
2015,29,Weber,NOG007,NOG007,119,229,116,261
2016,29,Weber,NOG008,NOG008,129,275,123,307
2017,29,Weber,NOG009,NOG009,79,216,83,222
2018,29,Weber,NOG010,NOG010,136,239,133,249
2019,29,Weber,NOG011,NOG011,127,321,102,362
2020,29,Weber,NOG012,NOG012,118,243,104,278
2021,29,Weber,OGD001,OGD001,102,114,108,121
2022,29,Weber,OGD002,OGD002,124,215,134,227
2023,29,Weber,OGD003,OGD003,108,170,117,174
2024,29,Weber,OGD004,OGD004,105,138,113,145
2025,29,Weber,OGD005,OGD005,62,80,58,80
2026,29,Weber,OGD006,OGD006,132,121,112,142
2027,29,Weber,OGD007,OGD007,100,165,97,173
2028,29,Weber,OGD008,OGD008,63,96,67,99
2029,29,Weber,OGD009,OGD009,134,134,139,142
2030,29,Weber,OGD010,OGD010,91,62,96,63
2031,29,Weber,OGD011,OGD011,76,103,70,113
2032,29,Weber,OGD012,OGD012,125,132,125,139
2033,29,Weber,OGD013,OGD013,103,95,78,125
2034,29,Weber,OGD014,OGD014,103,104,94,114
2035,29,Weber,OGD015,OGD015,159,139,127,181
2036,29,Weber,OGD016,OGD016,97,115,96,129
2037,29,Weber,OGD017,OGD017,107,119,100,132
2038,29,Weber,OGD018,OGD018,122,90,113,105
2039,29,Weber,OGD019,OGD019,111,106,106,118
2040,29,Weber,OGD020,OGD020,176,158,151,186
2041,29,Weber,OGD021,OGD021,165,165,155,180
2042,29,Weber,OGD022,OGD022,204,135,200,148
2043,29,Weber,OGD023,OGD023,140,95,125,118
2044,29,Weber,OGD024,OGD024,179,151,170,166
2045,29,Weber,OGD025,OGD025,68,67,62,106
2046,29,Weber,OGD026,OGD026,63,46,56,54
2047,29,Weber,OGD027,OGD027,85,76,99,71
2048,29,Weber,OGD028,OGD028,57,61,59,63
2049,29,Weber,OGD029,OGD029,49,56,45,59
2050,29,Weber,OGD030,OGD030,83,67,88,68
2051,29,Weber,OGD031,OGD031,74,61,78,66
2052,29,Weber,OGD032,OGD032,88,65,82,71
2053,29,Weber,OGD033,OGD033,61,39,65,40
2054,29,Weber,OGD034,OGD034,54,51,46,66
2055,29,Weber,OGD035,OGD035,45,34,44,39
2056,29,Weber,OGD036,OGD036,109,86,112,95
2057,29,Weber,OGD037,OGD037,83,80,68,88
2058,29,Weber,OGD038,OGD038,69,27,65,35
2059,29,Weber,OGD039,OGD039,50,30,45,33
2060,29,Weber,OGD040,OGD040,149,113,141,125
2061,29,Weber,OGD041,OGD041,170,139,155,161
2062,29,Weber,OGD042,OGD042,68,96,56,109
2063,29,Weber,OGD043,OGD043,83,88,81,93
2064,29,Weber,OGD044,OGD044,56,70,62,73
2065,29,Weber,OGD045,OGD045,86,94,79,110
2066,29,Weber,OGD046,OGD046,59,93,52,105
2067,29,Weber,OGD047,OGD047,95,109,82,128
2068,29,Weber,OGD048,OGD048,192,162,166,197
2069,29,Weber,OGD049,OGD049,122,142,121,152
2070,29,Weber,OGD050,OGD050,118,180,110,203
2071,29,Weber,OGD051,OGD051,239,274,216,302
2072,29,Weber,OGD052,OGD052,170,251,169,263
2073,29,Weber,PLC001,PLC001,123,383,119,393
2074,29,Weber,PLC002,PLC002,131,359,121,382
2075,29,Weber,PLC003,PLC003,105,254,92,286
2076,29,Weber,PLV001,PLV001,102,310,71,337
2077,29,Weber,PLV002,PLV002,162,457,152,478
2078,29,Weber,PLV003,PLV003,18,62,26,59
2079,29,Weber,PLV004,PLV004,103,308,95,323
2080,29,Weber,PLV005,PLV005,157,352,136,388
2081,29,Weber,RIV001,RIV001,165,267,155,294
2082,29,Weber,RIV002,RIV002,117,161,112,190
2083,29,Weber,RIV003,RIV003,125,187,113,205
2084,29,Weber,RIV004,RIV004,112,196,98,213
2085,29,Weber,RIV005,RIV005,85,127,78,142
2086,29,Weber,ROY001,ROY001,116,271,133,269
2087,29,Weber,ROY002,ROY002,131,243,132,255
2088,29,Weber,ROY003,ROY003,92,203,78,218
2089,29,Weber,ROY004,ROY004,131,263,117,282
2090,29,Weber,ROY005,ROY005,98,189,95,202
2091,29,Weber,ROY006,ROY006,73,125,71,132
2092,29,Weber,ROY007,ROY007,61,152,65,162
2093,29,Weber,ROY008,ROY008,112,206,118,210
2094,29,Weber,ROY009,ROY009,95,152,99,156
2095,29,Weber,ROY010,ROY010,118,177,117,184
2096,29,Weber,ROY011,ROY011,124,264,105,292
2097,29,Weber,ROY012,ROY012,83,176,93,190
2098,29,Weber,ROY013,ROY013,109,138,99,152
2099,29,Weber,ROY014,ROY014,68,126,66,139
2100,29,Weber,ROY015,ROY015,77,100,77,118
2101,29,Weber,ROY016,ROY016,101,143,90,152
2102,29,Weber,ROY017,ROY017,88,149,95,140
2103,29,Weber,ROY018,ROY018,95,143,86,152
2104,29,Weber,ROY019,ROY019,96,177,88,190
2105,29,Weber,ROY020,ROY020,31,56,32,55
2106,29,Weber,ROY021,ROY021,68,91,60,102
2107,29,Weber,ROY022,ROY022,97,185,90,190
2108,29,Weber,ROY023,ROY023,61,121,71,119
2109,29,Weber,ROY024-By Mail,ROY024,1,12,1,15
2110,29,Weber,SOG001,SOG001,71,99,71,101
2111,29,Weber,SOG002,SOG002,108,114,91,139
2112,29,Weber,SOG003,SOG003,88,114,72,140
2113,29,Weber,SOG004,SOG004,111,137,97,162
2114,29,Weber,SOG005,SOG005,136,140,122,165
2115,29,Weber,SOG006,SOG006,111,169,100,190
2116,29,Weber,SOG007,SOG007,170,205,172,213
2117,29,Weber,SOG008,SOG008,176,207,179,219
2118,29,Weber,SOG009,SOG009,111,126,105,136
2119,29,Weber,SOG010,SOG010,122,162,118,168
2120,29,Weber,SOG011,SOG011,197,266,188,284
2121,29,Weber,SOG012,SOG012,162,267,142,297
2122,29,Weber,TAY001,TAY001,138,370,125,396
2123,29,Weber,UIN001,UIN001,105,269,98,285
2124,29,Weber,VLY001,VLY001,116,220,126,225
2125,29,Weber,VLY002,VLY002,188,298,191,314
2126,29,Weber,VLY003,VLY003,119,244,120,257
2127,29,Weber,WAR001,WAR001,67,176,69,189
2128,29,Weber,WAT001,WAT001,67,94,58,117
2129,29,Weber,WAT002,WAT002,108,145,117,162
2130,29,Weber,WAT003,WAT003,105,137,93,151
2131,29,Weber,WAT004,WAT004,65,102,64,120
2132,29,Weber,WAT005,WAT005,124,138,118,151
2133,29,Weber,WAT006,WAT006,133,168,111,205
2134,29,Weber,WAT007,WAT007,184,255,176,286
2135,29,Weber,WCO001-By Mail,WCO001,0,1,0,1
2136,29,Weber,WCP001,WCP001,18,42,13,49
2137,29,Weber,WCR001,WCR001,32,79,34,84
2138,29,Weber,WCR002-By Mail,WCR002,0,0,0,0
2139,29,Weber,WCU001,WCU001,180,246,167,264
2140,29,Weber,WCU002,WCU002,133,286,114,324
2141,29,Weber,WCU003,WCU003,5,11,10,8
2142,29,Weber,WHV001,WHV001,163,500,160,529
2143,29,Weber,WHV002,WHV002,104,282,100,290
2144,29,Weber,WHV003,WHV003,157,386,167,400
2145,29,Weber,WNO001-By Mail,WNO001,2,11,3,11
2146,29,Weber,WNO002-By Mail,WNO002,6,15,4,17
2147,29,Weber,WWB001,WWB001,127,344,106,373
2148,29,Weber,UNKN29,UNKN29,0,0,0,0